,0,1
0,Dulcine,Duffil
1,Paulita,Simmonds
2,Sunshine,Backshall
3,Manon,Clutterham
4,Baird,Reynoollds
5,Dorri,Mcmillian
6,Conrad,Ceillier
7,Gifford,Ganter
8,Rickie,Burkert
9,Eli,Burnsides
10,Demott,Rohlf
11,Ramon,Hinchcliffe
12,Vivian,Syson
13,Parry,Oswick
14,Herta,Stainer
15,Alejandro,Broggetti
16,Jenine,Ivashkov
17,Weylin,Chong
18,Duffie,Hanscombe
19,Pebrook,Eydel
20,Hi,Matherson
21,Simonne,Merman
22,Demetre,Coghlan
23,Isacco,Matuschek
24,Dorice,Slides
25,Fernando,Howchin
26,Omero,Shill
27,Paten,Bartelli
28,Zorah,Grasser
29,Sumner,Kop
30,Dana,Boldra
31,Delmore,Mcknish
32,Loralyn,Dibbs
33,Schuyler,Mckimm
34,Andriana,Dunniom
35,Sherwin,Mcilwraith
36,Barton,Harpin
37,Iolande,Trevers
38,Vachel,Caren
39,Oralla,Copelli
40,Bette-Ann,Ferrieres
41,Donovan,Whistan
42,Vinson,Trappe
43,Ruperta,Illesley
44,Woody,Orritt
45,Chrissy,Bartholin
46,Marsha,Coulter
47,Toinette,Pflieger
48,Lenora,Karpinski
49,Arvy,Myrkus
50,Jere,Amor
51,Cecilio,Woffenden
52,Adah,Silverton
53,Amanda,Lill
54,Foss,Tilio
55,Corabella,Abells
56,Sherie,Veregan
57,Armando,Schirak
58,Kerry,Beedle
59,Norene,Dericut
60,Had,Veazey
61,Michel,Chaffey
62,Fiona,Sandle
63,Huntlee,Newick
64,Immanuel,Valek
65,Amos,Stowgill
66,Sven,Antonescu
67,Rafferty,Camamile
68,Fifi,Kingsly
69,Malina,Casaccia
70,Patton,Jolin
71,Cristal,Jeans
72,Chilton,Paladino
73,Torie,Alessandrini
74,Dale,Fewlass
75,Matelda,Chastenet
76,Michel,Khoter
77,Shamus,Attenbarrow
78,Dyanna,Kidman
79,Wilfred,Godwyn
80,Grazia,Macginney
81,Erek,Chadney
82,Ruby,Larciere
83,Aila,Longo
84,Damon,Thompson
85,Aldwin,Ginman
86,Wolfie,Macieja
87,Tulley,Fisbburne
88,Augustine,Corey
89,Randee,Lorrain
90,Andreas,Mehmet
91,Dasie,Justis
92,Elvina,Judd
93,Wald,Lynes
94,Eimile,Jobey
95,Salmon,Blinder
96,Irvine,Harmson
97,Liana,Johannes
98,Waldemar,Pfeuffer
99,Loria,Menlow
100,Leyla,Threadgold
101,Davidde,Tuohy
102,Keefe,Mirfin
103,Trish,Cuxon
104,Wyatt,Trippack
105,Otes,Kemster
106,Ethelred,Cartman
107,Marius,De Rechter
108,Arleyne,Witch
109,Abdul,Nail
110,Lanni,Lavis
111,Jenilee,Albury
112,Llywellyn,Beckitt
113,Brendan,Tithecott
114,Jacinthe,Packham
115,Tadio,Colloby
116,Dietrich,Sabater
117,Baldwin,Macbey
118,Dotti,Crauford
119,Torrence,Lanegran
120,Lurline,Souness
121,Pennie,Crookshanks
122,Wyn,Tebb
123,Buiron,Hoofe
124,Carin,Overstall
125,Steffi,Brideoke
126,Toma,Perrat
127,Angie,Langer
128,Cherlyn,Mclaverty
129,Anissa,Keir
130,Dorothea,Bidnall
131,Yorgos,Dockery
132,Vance,Fey
133,Kahaleel,Tatem
134,Uriah,Terlinden
135,Renie,Ellin
136,Bevon,Clayworth
137,Erek,O'Doran
138,Krista,Trethewey
139,Anestassia,Gadman
140,Patric,Goult
141,Keelia,Beine
142,Rayshell,Balfe
143,Gery,Marchment
144,Manfred,Swyer-Sexey
145,Philomena,Cessford
146,Garwood,Mcmeekin
147,Dollie,Stailey
148,Lucina,Banaszewski
149,Webster,Hanratty
150,Jennine,Erni
151,Roderic,Dagger
152,Carter,Kingswold
153,Willi,Lakenden
154,Reg,Gaines
155,Ches,Keniwell
156,Kippy,Dallon
157,Camellia,Bette
158,Kearney,Cerie
159,Darya,Delafont
160,Myrta,Tissell
161,Min,Yanson
162,Fiona,Goodboddy
163,Glynnis,Wicken
164,Hillary,Thouless
165,Selia,Toohey
166,Myrvyn,Jealous
167,Stephine,Kirton
168,Agnella,Dairton
169,Pasquale,Critten
170,Bryant,Losseljong
171,Carroll,Treasaden
172,Sabina,Seckington
173,Riva,Mangeot
174,Boniface,Tansley
175,Robin,Gilleon
176,Mariel,Bartel
177,Chelsy,Regus
178,Toma,Macgibbon
179,Arabella,Walklate
180,Lilias,Mc Gorley
181,Dasi,Goldston
182,Bella,Durtnal
183,Blane,Manderson
184,Dorine,Erricker
185,Sasha,Macgaughy
186,Robina,Vassano
187,Guillaume,Rubury
188,Millicent,Buchanan
189,Bradan,Wickman
190,Tiphani,Bridgland
191,Doralia,Deackes
192,Reynard,Ilyenko
193,Babara,Veazey
194,Teodora,Whaplington
195,Porty,Du Plantier
196,Elfrida,Reece
197,Lisle,Stolli
198,Minnie,Gittose
199,Corry,Siveter
200,Jillian,Wenn
201,Gene,Levens
202,Gerta,Leonards
203,Aleen,Mckeurton
204,Prudi,Bernardon
205,Delmor,Phuprate
206,Claudette,De Carlo
207,Elsa,Woonton
208,Constantine,Caslett
209,Lilly,Andreasen
210,Merola,Jancey
211,Keene,Slimm
212,Sibylle,Juris
213,Reinaldos,Tolefree
214,Prescott,Turpey
215,Zondra,Fippe
216,Kris,Balassi
217,Dante,Littley
218,Kendall,Daughtrey
219,Chevalier,Eykelbosch
220,Rance,Wilsone
221,Claiborne,Jesper
222,Garrard,Keward
223,Husein,Gartside
224,Silas,Blowin
225,Rachele,Shaplin
226,Gena,Trustrie
227,Auria,Shafto
228,Joela,Sanja
229,Collin,Commins
230,Merwyn,Bremeyer
231,Nona,Coghlan
232,Robbie,Adess
233,Papageno,Kinnerley
234,Rahal,Rymill
235,Whitney,Hadlee
236,Dunc,Smallacombe
237,Danni,Gurdon
238,Averill,Pickance
239,Star,Lapthorn
240,Reta,Blais
241,Shawn,Robertshaw
242,Casey,Putten
243,Melonie,Duffet
244,Patricio,Stenet
245,Russell,Sherebrook
246,Dolly,Casaro
247,Penny,Trathen
248,Veronike,Alenov
249,Urson,Sibthorp
250,Jenn,Blitz
251,Elicia,Nutkin
252,Colleen,Rossey
253,Una,Caldicot
254,Chance,Fleay
255,Carmelia,Gheorghe
256,Stephan,Tidbald
257,Care,Ife
258,Courtney,Aldus
259,Quill,Buzin
260,Zebadiah,Rollins
261,Trent,Southwick
262,King,Janatka
263,Honor,Jeandon
264,Chrisse,Santostefano.
265,Dinnie,Baleine
266,Siegfried,Everal
267,Raye,Terbrug
268,Lester Weddeburn -,Scrimgeour
269,Chandra,Best
270,Standford,Glanert
271,Helyn,Sahnow
272,Bertha,Burchfield
273,Stavro,Sherratt
274,Valdemar,Smithen
275,Zollie,Danks
276,Malcolm,Whittier
277,Gun,Burkitt
278,Silvio,Randal
279,Winna,Olive
280,Beltran,Jolly
281,Gare,Halpen
282,Elizabet,Sanbroke
283,Ofella,Shelmardine
284,Tedd,Hurl
285,Janka,Clemencet
286,Raddie,Major
287,Antonetta,Rustedge
288,Mildred,Macalaster
289,Homerus,Heighton
290,Reeva,Amort
291,Mathilda,Burman
292,Buiron,Presho
293,Vyky,Filipiak
294,Merlina,Yashanov
295,Nathaniel,Iannetti
296,Urban,Bootland
297,Fredia,Ruos
298,Harrietta,Buten
299,Jourdain,Tripp
300,Bartie,Grayson
301,Glynda,Cancellario
302,Stillmann,Qualtrough
303,Vasili,Cartledge
304,Juieta,Mulliss
305,Berkley,Bartomeu
306,Ignatius,Doxsey
307,Friedrick,Hawkey
308,Payton,Turbard
309,Teddy,Baraclough
310,Stepha,Willison
311,Petrina,Sterland
312,Dorette,Landall
313,Hermann,Cudde
314,Nealon,Tompkiss
315,Sarita,Weedon
316,Lamar,Macgebenay
317,Erna,Milne
318,Maude,Ithell
319,Anna,Lamperti
320,Hermina,Boar
321,Elvira,Valentine
322,Kelila,Cunah
323,Madelina,Osmant
324,Sutherlan,Mewe
325,Kalvin,Wadworth
326,Cristal,Prendergast
327,Bartel,Billiard
328,Thorpe,Sigars
329,Maisie,Skelton
330,Xylia,Laxen
331,Scarface,Gallihaulk
332,Zandra,Makepeace
333,Raquel,Bastide
334,Englebert,Orme
335,Brandie,Birkin
336,Bert,Losty
337,Eugen,Boggs
338,Storm,Henryson
339,Neel,Campana
340,Malinde,Mowsdale
341,Ann,Iannello
342,Babita,Bramsen
343,Briana,Shorter
344,Levy,Lanahan
345,Korey,Ennor
346,Saraann,Elcombe
347,Erny,Mourant
348,Oren,Medwell
349,Kalinda,Leebetter
350,Deana,Salerno
351,Darwin,Vlasov
352,Violetta,Matisse
353,Hurlee,Gori
354,Yankee,Garmon
355,Ulrika,Southam
356,Jo-Ann,Gallihaulk
357,Larisa,Cordero
358,Mark,Beckingham
359,Vevay,Feirn
360,Clyve,Bowe
361,Daria,Tudge
362,Renado,Rubes
363,Toby,Stadden
364,Hastings,Flower
365,Umeko,Bozier
366,Ryley,Dael
367,Engracia,Polycote
368,Arman,Boribal
369,Rip,Jordeson
370,Vernon,Bennough
371,Monty,Gorriessen
372,Darill,Whapples
373,Clyve,Gillhespy
374,Vaclav,Pietesch
375,Kassi,Lucio
376,Vivianna,Letty
377,Mercie,Groger
378,Beverie,Moberley
379,Sue,Barfitt
380,Kiley,Clavey
381,Windham,Biagi
382,Huey,Broodes
383,Skippy,Worrell
384,Agneta,Fantini
385,Shurlocke,Cringle
386,Tucky,Duffet
387,Em,Dun
388,Kit,Oddboy
389,Lorianna,Weinham
390,Base,Doggett
391,Ingar,Huckstepp
392,Talya,Placidi
393,Taffy,Elderfield
394,Andee,Plowman
395,Kare,Garvill
396,Mallory,Challis
397,Zea,Barette
398,Allyn,Nazair
399,Almire,Tewkesberry
400,Ernst,Gidney
401,Thorndike,Prynne
402,Roxanne,Edie
403,Andris,Reddecliffe
404,Tara,Surmeir
405,Reeta,Mcgawn
406,Cly,Greatrex
407,Johannes,Hanny
408,Leone,Patmore
409,Kristin,Hillborne
410,Thorpe,Maddie
411,Sibley,Kneaphsey
412,Selia,Tours
413,Abigail,Dunsmore
414,Chucho,Tift
415,Crysta,Aikett
416,Abbie,Clifton
417,Cassius,Whatling
418,Arte,Dimbylow
419,Meggie,Sidsaff
420,Lurleen,Symson
421,Clemmie,Kayley
422,Thorny,Uwins
423,Alonso,Hulkes
424,Edsel,Gingell
425,Goran,Eton
426,Maxy,Heeley
427,Gui,Graine
428,Stinky,Goulter
429,Duky,Tarn
430,Carmelia,Huzzay
431,Raquela,Elcox
432,Rodrick,Henworth
433,Salvidor,Dalrymple
434,Jorry,Boom
435,Bartholemy,Trippitt
436,Carolann,Bumby
437,Tiertza,Gurry
438,Dianna,Dannett
439,Briana,Brader
440,Luther,Waddilow
441,Deonne,Simionato
442,Florance,Nann
443,Nadeen,Baily
444,Cozmo,Abel
445,Minetta,Beazleigh
446,Alexandro,Frid
447,Dalila,Hyett
448,Dorey,Mcquillan
449,Danya,Sedgefield
450,Giorgio,Piller
451,Fran,Gebbie
452,Rheta,Assel
453,Candie,Pendell
454,Yolanda,Fosse
455,Lemmie,Jendrich
456,Marga,Simmig
457,Ralf,Heintze
458,Merry,Chesher
459,Sileas,Golson
460,Corri,Pund
461,Abeu,Rimmer
462,Matty,California
463,Eran,Varga
464,Pamela,Gadman
465,Cissy,Deeble
466,Stephan,Bahls
467,Patrice,Prescott
468,Emmet,Hehnke
469,Claudianus,Connar
470,Rolland,Figgins
471,Farrell,Normington
472,Devland,Benkin
473,Teddy,Ham
474,Blaine,Kimmel
475,Frank,Tolchard
476,Hetti,Beach
477,Daphene,Friedlos
478,Isac,Bronger
479,Vin,Kattenhorn
480,Shelli,Abbess
481,Caren,Sterte
482,Muhammad,Garthland
483,Worth,Kos
484,Merlina,Spires
485,Jacki,Pinkstone
486,Felecia,Mcblain
487,Hernando,Guage
488,Franciska,Davidy
489,Florinda,Brabban
490,Kimble,Bonde
491,Austin,Brister
492,Reinwald,Corish
493,Kelsey,Cranke
494,Samuel,Simone
495,Berky,Slatten
496,Wit,Napolitano
497,Lucita,Pettman
498,Conchita,Gumey
499,Pierson,Mills
500,Ingeberg,Othen
501,Ambros,Ethington
502,Karia,O'Toole
503,Bendix,Bonnette
504,Leroi,Shurmer
505,Regan,Pittaway
506,Emmy,Luckings
507,Linnea,Dulling
508,Thornton,Thuillier
509,Noah,Petricek
510,Danna,Doyley
511,Marc,Extance
512,Harry,Orcas
513,Tobit,Dowden
514,Pet,Wise
515,Sylvia,Akett
516,Onfroi,Buxton
517,Daisi,Scarlet
518,Holt,De Castri
519,Patrice,Masham
520,Hillery,Hunnicutt
521,Garvin,Dracey
522,Bentlee,Meugens
523,Garrott,Demaine
524,Roxanna,Tunstall
525,Melisandra,Walling
526,Dierdre,Earwicker
527,Abel,Mcvaugh
528,Nestor,Thornewill
529,Wilona,Pammenter
530,Davie,Brahams
531,Lynnett,Swin
532,Durant,Wiper
533,Gustaf,Lude
534,Halli,Purcell
535,Monah,Dowling
536,Tanner,Byram
537,Lauretta,Bartell
538,Ulick,Pickervance
539,Elsinore,Marcussen
540,Sibbie,Di Biasio
541,Konrad,Mccready
542,Mariele,Steedman
543,Ximenez,Chippin
544,Ruben,Mccoy
545,Sigrid,Veitch
546,Allegra,Aspland
547,Kala,Doeg
548,Randall,Waller
549,Thomasine,Poundford
550,Ardath,Norwell
551,Kelley,Bourgeois
552,Anatole,Peterffy
553,Hinze,Treat
554,Linoel,Fissenden
555,Goober,Sully
556,Alexandro,Guyan
557,Nikola,Devericks
558,Konstantin,Fusco
559,Heidie,Barock
560,Gardie,Damsell
561,Zoe,Schlag
562,Pyotr,De Zuani
563,Simon,Murrey
564,Thurston,Venes
565,Nanni,Ashby
566,Laetitia,Poston
567,Reinaldos,Rayne
568,Allen,Edelman
569,Cheston,Ceillier
570,Johnette,Durrans
571,Layne,Le Fleming
572,Zechariah,Salzberger
573,Ilka,Moulder
574,Zaccaria,Bussons
575,Sylvan,Asher
576,Erroll,Charopen
577,Georgie,Perel
578,Gabey,Fisbburne
579,Lazar,Seligson
580,Sully,Rechert
581,Royall,Stirley
582,Kellie,Althorp
583,Jorry,Varley
584,Bernadette,Gerardi
585,Hallie,Robbeke
586,Nady,Runnacles
587,Winnie,Osipenko
588,Winnah,Spooner
589,Riccardo,Oade
590,Bettye,Di Napoli
591,Lutero,Winning
592,Stormi,Kment
593,Staci,Harlett
594,Jenifer,Pickles
595,Gwyn,Baversor
596,Gilbertine,Assaf
597,Warde,Frowen
598,Deni,Roust
599,Babita,Heigho
600,Candide,Vannoort
601,Sydney,Renachowski
602,Vince,Scott
603,Art,Mitkin
604,Tonnie,Royden
605,Trstram,Goodyer
606,Bobbye,Ladbrooke
607,Ronalda,Richmond
608,Sibley,Addison
609,Hi,Tee
610,Shannan,Andrejevic
611,Carey,Severn
612,Foss,Darycott
613,Leeland,Looks
614,Gelya,Pyson
615,Benny,Smallsman
616,Silvain,Geeve
617,Olia,Meugens
618,Theodosia,Creenan
619,Aida,Bothams
620,Onida,Tregear
621,Salomon,Costellow
622,Orion,Ephgrave
623,Quintus,Penella
624,Muffin,Wigglesworth
625,Agretha,Deinert
626,Melba,Cobain
627,Jerry,Lamort
628,Jazmin,Dark
629,Aindrea,Davio
630,Burg,Flipek
631,Bary,Boatman
632,Ogdon,Gonnelly
633,Diane-Marie,Hilling
634,Sybil,Maydway
635,Bart,Godilington
636,Keri,Crewe
637,Jenda,Fernandez
638,Kiah,Pittwood
639,Esteban,Warn
640,Stephan,Jaxon
641,Allianora,Rowdell
642,Orran,Rofe
643,Randy,Semken
644,Gaspard,Alvaro
645,Ricca,Sowden
646,Gardner,Kienle
647,Guillermo,Riha
648,Wakefield,Jeves
649,Ganny,Howcroft
650,Craig,Ferriby
651,Katinka,Macrow
652,Mel,Lafontaine
653,Drona,Lemonby
654,Nettie,Civitillo
655,Chiarra,Laughlan
656,Kalli,Mcgarrie
657,Pascale,Snelgrove
658,Bernelle,Longhorne
659,Valeda,Adshad
660,Barnabas,Crinion
661,Wanids,Simison
662,Alexander,Johnstone
663,Aviva,Duddan
664,Tyrone,Bailes
665,Thatcher,Northey
666,Merrill,Mongain
667,Jena,Attard
668,Kylynn,Jewes
669,Daryle,Janoch
670,Ivory,Linnemann
671,Loy,Mulvy
672,Irvine,Lawrey
673,Marlon,Tomala
674,Kincaid,Osipov
675,Olin,Gariff
676,Reggie,Lawlor
677,Carlo,Twining
678,Farley,Nuccitelli
679,Wendy,Ducastel
680,Sherwin,Guy
681,Findley,Mcandie
682,Sal,Curee
683,Gayel,Meineking
684,Gerhard,Mcgrath
685,Ced,Danielut
686,Cory,Greene
687,Archaimbaud,Buller
688,Wynn,Silverman
689,Dixie,O' Flaherty
690,Ivor,Quogan
691,Sukey,Benedicto
692,Floria,Keunemann
693,Raffaello,Byneth
694,Adlai,Ferns
695,Thibaut,Edbrooke
696,Any,Shotbolt
697,Korry,Kenworth
698,Barnebas,Uttridge
699,Curry,Dunnan
700,Stephie,Boorne
701,Chickie,Dickens
702,Morie,Beer
703,Ferdinand,Adlard
704,Vic,Massot
705,Konstantine,Giacomoni
706,Ruby,Batecok
707,Mil,Goodday
708,Willabella,Lanchberry
709,Laurens,Routham
710,Luigi,Methley
711,Ashely,Brittles
712,Janna,Wiffield
713,Gaile,Carpenter
714,Chancey,Bitten
715,Carita,Fenech
716,Danella,Leisk
717,Augusta,Gilfoy
718,Noland,Origin
719,Kasey,Mattacks
720,Sammie,Beams
721,Sutherland,Mcgilben
722,Clay,Perillo
723,Ola,Geldeard
724,Maurise,Pawfoot
725,Ramsey,Divall
726,Guilbert,Leet
727,Agnesse,Beeken
728,Sam,Mulvihill
729,Adda,Bromont
730,Ferdy,Dootson
731,Gleda,Giacomozzo
732,Tami,Studdal
733,Sydelle,Russo
734,Sander,Slixby
735,Belia,Murrigans
736,Hendrika,Macleod
737,Evey,Whiteland
738,Ethan,Brookwood
739,Mikaela,Quaife
740,Cathryn,Leehane
741,Carmelle,Jado
742,Margaretta,Gedling
743,Clint,Draper
744,Verine,Pickring
745,Arlie,Baynam
746,Cass,Jenyns
747,Eward,Stanyard
748,Dalston,Vescovini
749,Jasmina,Perillo
750,Fair,Lucia
751,Drucie,Bianco
752,Odell,Dwire
753,Powell,Wank
754,Joete,Gummory
755,Homer,Sebborn
756,Tonye,Hearl
757,Sofia,Cullivan
758,Walt,Kirkby
759,Jens,Tomaskunas
760,Kingsly,Emmer
761,Kathrine,Sugar
762,Lucho,Shires
763,Jerrylee,Koenen
764,Ruttger,Whitrod
765,Haze,Childes
766,Wallache,Soldi
767,Lindon,Mee
768,Gardener,Boundey
769,Bear,Birrane
770,Edgardo,Lidyard
771,Cliff,Knowlton
772,Martita,Hugle
773,Claudia,May
774,Mic,Wilshire
775,Levi,Savary
776,Lew,Bartlomieczak
777,Correna,Sutherel
778,Bartholomeo,Keatley
779,Damiano,Petrusch
780,Adel,Kinrade
781,Phillip,Headech
782,Rossie,Caitlin
783,Dina,Mcgookin
784,Lanie,Romeuf
785,Warner,Harse
786,Christos,Fagan
787,Horace,Scotford
788,Gavin,Dougill
789,Patten,Tinman
790,Farlay,Pitman
791,Lanni,Arrowsmith
792,Deana,Lynds
793,Manuel,Brownsword
794,Rogerio,Woollhead
795,Gerladina,Reynolds
796,Nefen,Wolton
797,Kameko,Wilmore
798,Perla,Haibel
799,Parrnell,Wroe
800,Carrie,Fitzhenry
801,Stephi,Duckering
802,Casper,Willcott
803,Paloma,Gislebert
804,Reuven,Kneaphsey
805,Alexis,Adess
806,Nelie,Chate
807,Hatty,Kinner
808,Betty,Frensch
809,Chucho,Kegan
810,Pauly,Rebbeck
811,Malvin,Penrith
812,Nora,Leyes
813,Ginevra,Kops
814,Lambert,Fortnon
815,Banky,Mchaffy
816,Alicia,Timmis
817,Kristian,Girhard
818,Elliot,Chetwynd
819,Fabio,Cattemull
820,Vinita,Ilchenko
821,Alasteir,Cootes
822,Marianna,Casa
823,Eugene,Tomlinson
824,Mariejeanne,Seatter
825,,De Witt O'Dowd
826,Eleni,Alyukin
827,Doretta,Hallor
828,Nariko,Robelin
829,Olly,Aitkenhead
830,Wallie,Pecha
831,Pru,Bilbee
832,Dudley,Whiles
833,Toby,Frossell
834,Vaughan,Borchardt
835,Reg,Vanshin
836,Tabbatha,Kullmann
837,Teirtza,Ghion
838,Mary,Darnbrough
839,Maiga,Griffin
840,Far,Lubeck
841,Addi,Larter
842,Tamas,Stendall
843,Markos,Orwin
844,Tierney,Twatt
845,Noel,Dabnot
846,Alice,Vickery
847,Kala,Bock
848,Audrye,Knightley
849,Ashley,Woodvine
850,Tiffany,Laugherane
851,Daphene,Barkly
852,Meredith,Craufurd
853,Janna,Houlaghan
854,Florella,Boays
855,Karita,Crissil
856,Demetra,Darmody
857,Stanly,Rickert
858,Bobine,Advani
859,Adey,Bramwell
860,Lazarus,Varley
861,Nalani,Petz
862,Gail,Basso
863,Nonnah,Gentreau
864,Toinette,Hallut
865,Emalia,Naile
866,Wileen,Gartenfeld
867,Aleksandr,Lean
868,Lucas,Duthie
869,Gaston,Kunc
870,Abdel,Shovel
871,Ileane,Margarson
872,Thaxter,Vanyushin
873,Barny,Cannicott
874,Marquita,Gatehouse
875,Gordan,Delgadillo
876,Mateo,Hanburry
877,Joann,Aspinwall
878,Jordain,Offen
879,Barnie,Jersh
880,Elie,Lidgett
881,Ferdie,Mullinger
882,Gisela,Andrea
883,Decca,Rayburn
884,Lonnard,Wetton
885,Antony,Eckert
886,Pryce,Playden
887,Vanny,Grimsditch
888,Blondy,Docker
889,Aveline,Andrzej
890,Patrice,Hawkshaw
891,Sallyann,Jacobi
892,Jori,Riseley
893,Robbie,Vizor
894,Corny,O'Tuohy
895,Tory,Aireton
896,Kelly,Coneybeer
897,Tucky,Henstridge
898,Hale,Severns
899,Idalina,Nesby
900,Luisa,Griffe
901,Abner,Devo
902,Gibbie,Creyke
903,Peterus,Wraith
904,Ros,Hamerton
905,Agustin,Boog
906,Hogan,Raffan
907,Evelina,Owens
908,Fiann,Parmeter
909,Ambros,Dionsetto
910,Hildy,Todd
911,Englebert,Hedman
912,Linette,Gilhoolie
913,Ame,O'Keaveny
914,Sheff,Waleworke
915,Gabby,Mayor
916,Leese,Tuffey
917,Gery,Tilio
918,Almeda,Jeppe
919,Celesta,Linturn
920,Caterina,Szwandt
921,Ban,Craze
922,Heddi,Vernay
923,Sandy,Droogan
924,Elvera,Gorman
925,Harwilll,Weildish
926,Giselbert,Scarborough
927,Drucy,Adolthine
928,Nevile,Clelle
929,Reider,Note
930,Jacklin,Kupka
931,Brant,Lindfors
932,Barrie,Baumler
933,Othilia,Hutton
934,Dyna,Cristofano
935,Creighton,Estrella
936,Aland,Houchin
937,Kaycee,Mattusevich
938,Bryna,Delle
939,Amos,Chattell
940,Margarete,Osburn
941,Rodrick,Macnucator
942,Arielle,Donati
943,Cristy,Rutledge
944,Amaleta,Alred
945,Bartholemy,O'Towey
946,Daren,Ouchterlony
947,Hyacinth,Meron
948,Sibylle,Thomazin
949,Dru,Pabel
950,Arne,Morando
951,Di,Simonich
952,Kellina,Shuter
953,Annadiana,Lumsden
954,Justinian,Luscott
955,Otha,Kimm
956,Chico,Headley
957,Bren,Tomei
958,Izabel,Masters
959,Codi,Kear
960,Chrisy,Kesey
961,Michell,Fishlock
962,Jesus,Keller
963,Binnie,Capnerhurst
964,Madalyn,Facey
965,Engelbert,Palatino
966,Zondra,Lindgren
967,Mariel,Dei
968,Odella,Hurne
969,Terza,Girdwood
970,Skyler,Pendre
971,Nial,Ipsly
972,Alfonso,Paschek
973,Archambault,Evanson
974,Caren,Puig
975,Ashlin,Shone
976,Marmaduke,Kiefer
977,Lola,Ebsworth
978,Gabi,Fice
979,Heida,Cossom
980,Tildie,Joselevitz
981,Lorin,Jozef
982,Tiffi,Reddlesden
983,Nicola,Lavall
984,Clair,Prestland
985,Mortie,Beadel
986,Mirabelle,Tidder
987,Oby,Tomlin
988,Ron,Fincke
989,Lorrin,Tremblot
990,Eadie,Briddock
991,Tymothy,Titchard
992,Yolane,Lowsely
993,Ammamaria,Tassell
994,Misty,Pitt
995,Evelyn,Lukash
996,Godiva,Andrew
997,Vernor,D'Almeida
998,Janeen,Pinney
999,Brittan,Mouat
1000,Pearla,Durtnell
1001,Waylan,Gors
1002,Janos,Shellsheere
1003,Karolina,Comini
1004,Cortney,Rudeyeard
1005,Elita,Foch
1006,Rurik,Crimmins
1007,Loralie,Exroll
1008,Locke,Lacelett
1009,Bebe,Guyonneau
1010,Abrahan,Biggerdike
1011,Doralia,Gapper
1012,Peter,Sagerson
1013,Daren,Windrum
1014,Den,Roman
1015,Katleen,Trunks
1016,Katya,Ausiello
1017,Romy,Nother
1018,Caria,Trillow
1019,Gail,Paffot
1020,Candie,Senner
1021,Vivia,Belcher
1022,Price,Trevino
1023,Mitchel,Ealden
1024,Doe,Eisold
1025,Judy,Finders
1026,Ezequiel,Cotsford
1027,Adel,Cranmor
1028,Joana,Klyner
1029,Freeland,Hawford
1030,Sher,Saldler
1031,Graehme,Seamer
1032,Kissee,Strowthers
1033,Sadella,Dufoure
1034,Hobard,Gaynes
1035,Mychal,Bachelar
1036,Lelia,Shingles
1037,Pier,Spatig
1038,Corby,Cristofolini
1039,Clevie,Bowsher
1040,Lorinda,O'Crotty
1041,Cecil,Lehrer
1042,Winona,Carlaw
1043,Dixie,O' Flaherty
1044,Ivor,Quogan
1045,Gabbey,Caesman
1046,Morley,Battell
1047,Sidnee,Hollows
1048,Dorie,Speares
1049,Deeanne,Gives
1050,Junie,Jeanequin
1051,Cati,Geane
1052,Amalee,Tomkin
1053,Dun,Peachment
1054,Conny,Samms
1055,Mechelle,Larkworthy
1056,Hale,Lazare
1057,Myrna,Stiff
1058,Pearla,Trigwell
1059,Monah,Brimmacombe
1060,Gaspar,Moir
1061,Elle,Totton
1062,Pieter,Snozzwell
1063,Samantha,Lanphere
1064,Anthiathia,Guirau
1065,Elfrida,Drinan
1066,Jon,Mcmenamy
1067,Kimmi,Graddell
1068,Lindsey,Anstey
1069,Mona,Orviss
1070,Chandler,Grinov
1071,Garry,Nornasell
1072,Everett,O'Clery
1073,Willabella,Reddings
1074,Nigel,Gorelli
1075,Serge,De Leek
1076,Ezekiel,Himsworth
1077,Aggi,Shilling
1078,Ximenes,Beckers
1079,Mabel,Wattins
1080,Saleem,Whimper
1081,Inigo,Scholler
1082,Isahella,Swindells
1083,Sim,Baudains
1084,Garvy,Dinsdale
1085,Benton,Cullen
1086,Adria,Raiker
1087,Chrysa,Guildford
1088,Tadd,Vallerine
1089,Sharron,Starling
1090,Charla,Rillett
1091,Daffi,Flaune
1092,Pooh,Greatrex
1093,Bethany,Challicum
1094,Nancie,Jameson
1095,Maegan,Chadd
1096,Claudelle,Vasnetsov
1097,Ulrick,Swane
1098,Arne,Dybell
1099,Meade,Isakovic
1100,Waring,Ilsley
1101,Lindy,Croyden
1102,Rebekah,Sugge
1103,Lorne,Farrand
1104,Frasco,Ekkel
1105,Kylie,Dalmon
1106,Chancey,Parton
1107,Annora,Mensler
1108,Hallie,Bentke
1109,Trudie,Syers
1110,Heidie,Zanetto
1111,Lezley,Pelerin
1112,Abbi,Mulvihill
1113,Konstanze,Trynor
1114,Giff,Dukes
1115,Hashim,Jollye
1116,Dorisa,Gerrit
1117,Will,Cossum
1118,Livvie,Schneidau
1119,Yvon,Fry
1120,Christa,Troughton
1121,Consuelo,Pengelley
1122,Jourdain,Bertlin
1123,Ansel,Randerson
1124,Madison,Getch
1125,Aube,Benkhe
1126,Koralle,Bartocci
1127,Aimee,Pedrazzi
1128,Elbert,Nightingale
1129,Bibbie,Gosford
1130,Fin,Lung
1131,Mordy,Karlsson
1132,Emmalee,Peaple
1133,Tabbatha,Dendon
1134,Lorita,Litchmore
1135,Cinnamon,Rowe
1136,Priscella,Akaster
1137,Stewart,Lock
1138,Shandie,Muir
1139,Trixie,Macmechan
1140,Dwain,Busby
1141,Florinda,Eakle
1142,Teirtza,Docharty
1143,Pollyanna,Meak
1144,Murvyn,Aers
1145,Vincents,Prigg
1146,Marshal,Darycott
1147,Aggie,Reinmar
1148,Rosy,Osband
1149,Phebe,Benfield
1150,Bamby,Halksworth
1151,Elvyn,Lyburn
1152,Carola,Andrews
1153,Bil,Pears
1154,Manfred,Dmitrovic
1155,Jolyn,Bromilow
1156,Latashia,Brampton
1157,Ingamar,Mackrell
1158,Reynolds,Braiden
1159,Lib,Halliburton
1160,Nathanael,Demaid
1161,Selma,O'Brogane
1162,Woody,Swyer-Sexey
1163,Archibold,Spikeings
1164,Patricio,Dyter
1165,Murray,Armfirld
1166,Michele,Bristowe
1167,Zilvia,Byrcher
1168,Rosalinda,Clutten
1169,Donalt,Pinkstone
1170,Mose,Bolle
1171,Rafaelia,Cowe
1172,Silvano,Snap
1173,Alyse,Thiese
1174,Channa,Piser
1175,Kanya,Jobling
1176,Lucias,Haggarty
1177,Tuckie,Postgate
1178,Maitilde,Blabey
1179,Murvyn,Blakeborough
1180,Bev,Ferri
1181,Alexei,Grubbe
1182,Garrick,Yakobovicz
1183,Rois,Tames
1184,Derby,Mcglashan
1185,Pall,Mccluin
1186,Ludvig La,Grange
1187,Juliane,Jacobssen
1188,Vivianne,Folliss
1189,Junie,Rammell
1190,Carrie,Jacquemard
1191,Joice,Stennet
1192,Audie,Pearman
1193,Horatia,Tresise
1194,Shae,Di Ruggiero
1195,Justino,Di Biasi
1196,Ferrell,Iacobini
1197,Cacilie,Rewcassell
1198,Tyler,Traynor
1199,Kristin,Bardill
1200,Elfrieda,Becraft
1201,Jayme,Lieber
1202,Syman,Guynemer
1203,Bobbie,Huxton
1204,Kristofer,Trundle
1205,Lannie,Mcdonell
1206,Jeremie,Bompass
1207,Jedd,Inggall
1208,Cherrita,Wingate
1209,Timmie,Knudsen
1210,Tobias,Whithorn
1211,Marketa,Patton
1212,Say,Kleinhausen
1213,Lyndsey,Relph
1214,Chrisy,Marklow
1215,Jeanelle,Biesty
1216,Gigi,Layne
1217,Peggy,Earnshaw
1218,Amalea,Harrell
1219,Celisse,Meriguet
1220,Yale,Lashley
1221,Virgina,Tabary
1222,Hilton,Vedstra
1223,Edvard,Kerford
1224,Evita,Gisby
1225,Ulick,Kinane
1226,Kirsteni,Loren
1227,Linnie,Esterbrook
1228,Dick,Brimley
1229,Sigismundo,Shellibeer
1230,Leicester,Banker
1231,Robinett,Mcphate
1232,Tallie,Mortimer
1233,Emyle,Byrth
1234,Kelli,Twiddell
1235,Clementine,Bradick
1236,Orton,Vermer
1237,Burk,Mackilpatrick
1238,Britni,Hedditch
1239,Edin,Bendle
1240,Jerrylee,De Cruz
1241,Jessie,Plampeyn
1242,Cristobal,Furnival
1243,Brandi,Fennessy
1244,Julie,Elcy
1245,Rachelle,Dregan
1246,Karyn,Huortic
1247,Adan,Gremane
1248,Herrick,Rixon
1249,Tabb,Morgans
1250,Cirstoforo,Kerslake
1251,Brittaney,Roskruge
1252,Muriel,Bearcock
1253,Jesse Ten,Broek
1254,Wendy,Bennellick
1255,Candace,Seppey
1256,Clare,Downey
1257,Tobie,Filipczynski
1258,Carmita,Chillistone
1259,Brenna,Mcgroarty
1260,Woodman,Pietrusiak
1261,Trumann,Carillo
1262,Oralie,Mussolini
1263,Brett,Danieli
1264,Eunice,Marguerite
1265,Reginauld,Pedroli
1266,Cati,Nucator
1267,Electra,De Werk
1268,Ainsley,Gogerty
1269,Frayda,Crickmoor
1270,Skelly,Glewe
1271,Suzanna,Dunstall
1272,Courtney,Raynham
1273,Alastair,Filipowicz
1274,Amble,Dimitru
1275,Brander,Vicent
1276,Michel,Gouth
1277,Staci,Furlow
1278,Hurleigh,Segar
1279,Geneva,Beldon
1280,Jacenta,Couche
1281,Far,Rapi
1282,Adams,Lux
1283,Jonie,Getley
1284,Gar,Sill
1285,Adaline,Warrender
1286,Ainslee,Spurgin
1287,Flint,Baine
1288,Tad,Worsley
1289,Orion,Korneichuk
1290,Damita,Garfirth
1291,Niven,Cooling
1292,Delphinia,Manie
1293,Lanny,Willingham
1294,Anthiathia,Broad
1295,Ernestus,Crilley
1296,Jessalyn,Prewett
1297,Lawton,Howley
1298,Friedrick,Yeates
1299,Alair,Patey
1300,Susannah,Bengough
1301,Iggie,Haslum
1302,Jed,Durram
1303,Olga,Pykett
1304,Ronica,Martynikhin
1305,Milton,Piers
1306,Johnath,Tufts
1307,Robina,Maccostye
1308,Giacopo,Kyndred
1309,Cesare,Baylay
1310,Rosmunda,Brimicombe
1311,Alexandra,Belbin
1312,Luther,Aimeric
1313,Thayne,Tunnick
1314,Anatole,Burston
1315,Meridith,Alonso
1316,Tatum,Jeannet
1317,Augustus,Clowney
1318,Stephannie,Tichner
1319,Franklin,Purshouse
1320,Christan,Mityashin
1321,Veronica,Petroff
1322,Shepherd,Egalton
1323,Farlie,Bukowski
1324,Carlie,Huck
1325,Clari,Fredson
1326,Irwinn,Goaks
1327,Harriot,Tolchard
1328,Morton,Trump
1329,Wenonah,Relph
1330,Leigh,Ajean
1331,Ruy,Moxham
1332,Arny,Dobrowolny
1333,Elva,Boldero
1334,Darill,Drane
1335,Paulette,Lundbeck
1336,Marja,Morfield
1337,Moira,Rodenhurst
1338,Sollie,Spindler
1339,Madelyn,Petrenko
1340,Fredrick,Giller
1341,Theobald,Geerling
1342,Tobe,Markovic
1343,Candy,Berends
1344,Charmian,Martinuzzi
1345,Mirabelle,Shakeshaft
1346,Benita,Downgate
1347,Adolpho,Litterick
1348,Rockey,Courtes
1349,See,Foynes
1350,Berry,Gammel
1351,Dionis,Rowatt
1352,Moritz,Mosedall
1353,Trefor,Kalinowsky
1354,Hi,Romke
1355,Gertruda,Syddie
1356,Hersch,Holburn
1357,Alayne,Farrans
1358,Gertrudis,Balhatchet
1359,Jaclin,Heasman
1360,Adina,Seton
1361,Dorthea,Shaxby
1362,Leighton,Iddy
1363,Nerti,Welfair
1364,Loella,Thomel
1365,Olly,Lannen
1366,Ringo,Goosey
1367,Sandro,Pratchett
1368,Reba,Cosser
1369,Olia,Lincoln
1370,Mort,Letrange
1371,Nady,Smallpiece
1372,Ali,Bonds
1373,Dniren,Barlas
1374,Leif,Forsyth
1375,Salmon,Glenfield
1376,Jacquetta,Pill
1377,Saree,Langston
1378,Caril,Bayly
1379,Jordain,Rochester
1380,Clementia,Beasleigh
1381,Vidovic,Niblett
1382,Gianina,Shevelin
1383,Christian,Tunny
1384,Eba,Tarbath
1385,Barton,Moar
1386,Jo Ann,Beeke
1387,Waldon,Davidowsky
1388,Terencio,Mulles
1389,Mart,Haggerstone
1390,Norean,Caston
1391,Hebert,Bubbins
1392,Tiphanie,Selway
1393,Deeyn,Klimkin
1394,Charlotte,Laxe
1395,Trenna,Mccurt
1396,Davy,Reisenberg
1397,Cori,Docwra
1398,Bessy,Turpie
1399,Whit,Brisse
1400,Bernhard,Birchall
1401,Ann-Marie,Peddowe
1402,Jena,Livings
1403,Kaitlyn,Chagg
1404,Beilul,Crannach
1405,El,Shepstone
1406,Patrice,Milhench
1407,Giralda,Sloss
1408,Miof Mela,Woodland
1409,Trudey,Brockman
1410,Nahum,Riddock
1411,Felicle,Kops
1412,Berni,Torra
1413,Clarey,Fagan
1414,Steffane,Laity
1415,Nobe,Guerrazzi
1416,Solly,Reek
1417,Harrie,Chatin
1418,Horten,Koomar
1419,Brandon,Lotherington
1420,Lara,Dougherty
1421,Allie,Sheber
1422,Gunilla,Lucken
1423,Yorgos,O'Rourke
1424,Finn,Maasze
1425,Nananne,Plitz
1426,Bambi,Earthfield
1427,Fair,Ivashintsov
1428,Alexine,Mcglue
1429,Damian,Brimblecombe
1430,Lethia,Crow
1431,Candy,Vann
1432,Haley,Chmiel
1433,Fawne,Keen
1434,Kenton,Elvish
1435,Eyde,Boughton
1436,Allina,Buttfield
1437,Oliviero,Tunnicliffe
1438,Winona,Strotton
1439,Abran,Hawson
1440,Thom,Derwin
1441,Jacquelynn,Savin
1442,Bail,Delgardo
1443,Uriel,Lamplough
1444,Gerda,Yuille
1445,Gustavo,Barok
1446,Matthew,Tumilson
1447,Mari,Lotterington
1448,Wernher,Thaxter
1449,Bridgette,Antos
1450,Flore,Masden
1451,Berkly,Fishleigh
1452,Christopher,Pinner
1453,Elbertine,Angliss
1454,Eddie,Mara
1455,Sherwood,Sandercock
1456,Natal,Sabin
1457,Blondelle,Jaan
1458,Harri,Heinschke
1459,Alethea,Rangell
1460,Danila,Leamon
1461,Orlando,Borrowman
1462,Hermie,Lassell
1463,Lawton,Hiddsley
1464,Flem,Cary
1465,Ulberto,Stroton
1466,Lurleen,Moro
1467,Leena,Joselevitch
1468,Willi,Dibnah
1469,Dannye,Fraczek
1470,Domenic,Coulter
1471,Berni,Bonham
1472,Giuseppe,Cobbin
1473,Reinold,Jenicek
1474,Marlowe,Baxstare
1475,Gipsy,Seres
1476,Erica,Soughton
1477,Rube,Beals
1478,Johnna,Tarbin
1479,Ives,Weddell
1480,Guido,Allans
1481,Maxie,Yerborn
1482,Clark,Kovacs
1483,Leslie,Lochhead
1484,Sydelle,Gascoigne
1485,Prudence,Harrill
1486,Rochette,Bellfield
1487,Orella,Goshawke
1488,Tabbie,Enzley
1489,Rhys,Ayton
1490,Arney,Watsham
1491,Chet,Bean
1492,Blisse,Vinick
1493,Godfry,Sephton
1494,Vera,Broadfoot
1495,Riobard,Collcott
1496,Callida,Brazel
1497,Kathryn,Sture
1498,Essy,Haggus
1499,Sunny,Stonebridge
1500,Amalia,Sheppard
1501,Mose,Trase
1502,Felita,Jzhakov
1503,Cris,Van Schafflaer
1504,Shanna,Juniper
1505,Gerrie,Domenget
1506,Esmaria,Rapp
1507,Linette,Hendonson
1508,Rosanne,Maccaughey
1509,Clifford,Randle
1510,Cirilo,Croy
1511,Alfons,Krauze
1512,Lazare,Nellies
1513,Genovera,Mattek
1514,Sherlocke,Lerner
1515,Dawn,Petlyura
1516,Daryn,Dugmore
1517,Brew,Botterell
1518,Filide,Roony
1519,Dottie,Le Prevost
1520,Charley,Fredi
1521,Eryn,Licence
1522,Ronda,Aggis
1523,Gussy,Stoving
1524,Lindsay,Heninghem
1525,Celesta,Binion
1526,Lemar,Kingsnod
1527,Suzie,Orable
1528,Lora,Kiebes
1529,Rene,Stennings
1530,Maison,Purse
1531,Arne,Warne
1532,Piper,Hawson
1533,Gaultiero,Veldstra
1534,Brandtr,Rodell
1535,Doretta,Langdon
1536,Imelda,Fowkes
1537,Melly,Ible
1538,Raffaello,Mortlock
1539,Robina,Rosen
1540,Alejoa,Vatcher
1541,Jordan,Cristoforetti
1542,Claudian,Copp
1543,Arden,Tolossi
1544,Granville,Slad
1545,Lee,Ambrogioli
1546,Free,Simmgen
1547,Michael,Ettles
1548,Wallie,Chittenden
1549,Hendrick,Skellon
1550,Augustine,Sultana
1551,Sisile,Rawood
1552,Stephan,Middle
1553,Scotti,Bromfield
1554,Chaim,Inseal
1555,Beverlie,Newhouse
1556,Edna,Dilston
1557,Devina,Franz-Schoninger
1558,Elisa,Gowman
1559,Amil,Coysh
1560,Eduino,Huertas
1561,Ronnica,Linfield
1562,Gusta,Klagges
1563,Sammy,Macsweeney
1564,Milly,Hugnin
1565,Ferd,Walkden
1566,Elissa,Knowles
1567,Eleanor,Denington
1568,Jessee,Blagbrough
1569,Marve,Boatswain
1570,Rafaelita,D'Ambrogi
1571,Gianina,Wandless
1572,Louella,Parradye
1573,Wynn,Blei
1574,Gib,Krol
1575,Tobe,Markovic
1576,Candy,Berends
1577,Charmian,Martinuzzi
1578,Mirabelle,Shakeshaft
1579,Benita,Downgate
1580,Adolpho,Litterick
1581,Rockey,Courtes
1582,See,Foynes
1583,Berry,Gammel
1584,Dionis,Rowatt
1585,Moritz,Mosedall
1586,Trefor,Kalinowsky
1587,Hi,Romke
1588,Gertruda,Syddie
1589,Alayne,Farrans
1590,Gertrudis,Balhatchet
1591,Jaclin,Heasman
1592,Adina,Seton
1593,Dorthea,Shaxby
1594,Leighton,Iddy
1595,Nerti,Welfair
1596,Loella,Thomel
1597,Olly,Lannen
1598,Ringo,Goosey
1599,Sandro,Pratchett
1600,Reba,Cosser
1601,Olia,Lincoln
1602,Mort,Letrange
1603,Nady,Smallpiece
1604,Ali,Bonds
1605,Dniren,Barlas
1606,Leif,Forsyth
1607,Salmon,Glenfield
1608,Jacquetta,Pill
1609,Saree,Langston
1610,Caril,Bayly
1611,Jordain,Rochester
1612,Clementia,Beasleigh
1613,Vidovic,Niblett
1614,Gianina,Shevelin
1615,Christian,Tunny
1616,Eba,Tarbath
1617,Barton,Moar
1618,Jo Ann,Beeke
1619,Waldon,Davidowsky
1620,Terencio,Mulles
1621,Mart,Haggerstone
1622,Norean,Caston
1623,Hebert,Bubbins
1624,Tiphanie,Selway
1625,Deeyn,Klimkin
1626,Charlotte,Laxe
1627,Trenna,Mccurt
1628,Davy,Reisenberg
1629,Cori,Docwra
1630,Bessy,Turpie
1631,Whit,Brisse
1632,Bernhard,Birchall
1633,Ann-Marie,Peddowe
1634,Jena,Livings
1635,Kaitlyn,Chagg
1636,Beilul,Crannach
1637,El,Shepstone
1638,Patrice,Milhench
1639,Giralda,Sloss
1640,Miof Mela,Woodland
1641,Trudey,Brockman
1642,Nahum,Riddock
1643,Felicle,Kops
1644,Berni,Torra
1645,Clarey,Fagan
1646,Steffane,Laity
1647,Nobe,Guerrazzi
1648,Solly,Reek
1649,Harrie,Chatin
1650,Horten,Koomar
1651,Brandon,Lotherington
1652,Lara,Dougherty
1653,Allie,Sheber
1654,Gunilla,Lucken
1655,Yorgos,O'Rourke
1656,Finn,Maasze
1657,Nananne,Plitz
1658,Bambi,Earthfield
1659,Fair,Ivashintsov
1660,Alexine,Mcglue
1661,Damian,Brimblecombe
1662,Lethia,Crow
1663,Candy,Vann
1664,Haley,Chmiel
1665,Fawne,Keen
1666,Kenton,Elvish
1667,Eyde,Boughton
1668,Allina,Buttfield
1669,Oliviero,Tunnicliffe
1670,Winona,Strotton
1671,Abran,Hawson
1672,Thom,Derwin
1673,Jacquelynn,Savin
1674,Bail,Delgardo
1675,Uriel,Lamplough
1676,Gerda,Yuille
1677,Gustavo,Barok
1678,Matthew,Tumilson
1679,Mari,Lotterington
1680,Wernher,Thaxter
1681,Bridgette,Antos
1682,Flore,Masden
1683,Berkly,Fishleigh
1684,Christopher,Pinner
1685,Elbertine,Angliss
1686,Eddie,Mara
1687,Sherwood,Sandercock
1688,Natal,Sabin
1689,Blondelle,Jaan
1690,Harri,Heinschke
1691,Alethea,Rangell
1692,Danila,Leamon
1693,Orlando,Borrowman
1694,Hermie,Lassell
1695,Lawton,Hiddsley
1696,Flem,Cary
1697,Ulberto,Stroton
1698,Lurleen,Moro
1699,Leena,Joselevitch
1700,Willi,Dibnah
1701,Dannye,Fraczek
1702,Domenic,Coulter
1703,Berni,Bonham
1704,Giuseppe,Cobbin
1705,Reinold,Jenicek
1706,Marlowe,Baxstare
1707,Gipsy,Seres
1708,Erica,Soughton
1709,Rube,Beals
1710,Johnna,Tarbin
1711,Ives,Weddell
1712,Guido,Allans
1713,Maxie,Yerborn
1714,Clark,Kovacs
1715,Leslie,Lochhead
1716,Sydelle,Gascoigne
1717,Prudence,Harrill
1718,Rochette,Bellfield
1719,Orella,Goshawke
1720,Tabbie,Enzley
1721,Rhys,Ayton
1722,Arney,Watsham
1723,Chet,Bean
1724,Blisse,Vinick
1725,Godfry,Sephton
1726,Vera,Broadfoot
1727,Riobard,Collcott
1728,Callida,Brazel
1729,Kathryn,Sture
1730,Essy,Haggus
1731,Sunny,Stonebridge
1732,Amalia,Sheppard
1733,Mose,Trase
1734,Felita,Jzhakov
1735,Cris,Van Schafflaer
1736,Shanna,Juniper
1737,Gerrie,Domenget
1738,Esmaria,Rapp
1739,Linette,Hendonson
1740,Rosanne,Maccaughey
1741,Clifford,Randle
1742,Cirilo,Croy
1743,Alfons,Krauze
1744,Lazare,Nellies
1745,Genovera,Mattek
1746,Sherlocke,Lerner
1747,Dawn,Petlyura
1748,Daryn,Dugmore
1749,Brew,Botterell
1750,Filide,Roony
1751,Dottie,Le Prevost
1752,Charley,Fredi
1753,Eryn,Licence
1754,Ronda,Aggis
1755,Gussy,Stoving
1756,Lindsay,Heninghem
1757,Celesta,Binion
1758,Lemar,Kingsnod
1759,Suzie,Orable
1760,Lora,Kiebes
1761,Rene,Stennings
1762,Maison,Purse
1763,Arne,Warne
1764,Piper,Hawson
1765,Gaultiero,Veldstra
1766,Brandtr,Rodell
1767,Doretta,Langdon
1768,Imelda,Fowkes
1769,Melly,Ible
1770,Raffaello,Mortlock
1771,Robina,Rosen
1772,Alejoa,Vatcher
1773,Jordan,Cristoforetti
1774,Claudian,Copp
1775,Arden,Tolossi
1776,Granville,Slad
1777,Lee,Ambrogioli
1778,Free,Simmgen
1779,Michael,Ettles
1780,Wallie,Chittenden
1781,Hendrick,Skellon
1782,Augustine,Sultana
1783,Sisile,Rawood
1784,Stephan,Middle
1785,Scotti,Bromfield
1786,Chaim,Inseal
1787,Beverlie,Newhouse
1788,Edna,Dilston
1789,Devina,Franz-Schoninger
1790,Elisa,Gowman
1791,Amil,Coysh
1792,Eduino,Huertas
1793,Ronnica,Linfield
1794,Gusta,Klagges
1795,Sammy,Macsweeney
1796,Milly,Hugnin
1797,Ferd,Walkden
1798,Elissa,Knowles
1799,Eleanor,Denington
1800,Jessee,Blagbrough
1801,Marve,Boatswain
1802,Rafaelita,D'Ambrogi
1803,Gianina,Wandless
1804,Louella,Parradye
1805,Wynn,Blei
1806,Gib,Krol
1807,Vachel,Mc Meekin
1808,Wilfrid,Warde
1809,Cameron,Gleaves
1810,Felicio,Betjeman
1811,Hakeem,Ivermee
1812,Ian,Giorgietto
1813,Kalina,Gentile
1814,Wash,Richardes
1815,Morgana,Mcaw
1816,Jehanna,Verrechia
1817,Redd,Jurges
1818,Kean,Ploughwright
1819,Rolland,Dinkin
1820,Emmett,Hynson
1821,Nicolai,Nussey
1822,Naomi,Shortt
1823,Tommy,Evans
1824,Vikki,Godsal
1825,Arlana,Cowl
1826,Adelbert,Oakwell
1827,Stephanus,Kenwood
1828,Elane,Trollope
1829,Magda,Mckirton
1830,Ferdinand,Whyberd
1831,Alvy,Bowering
1832,Gabrila,Hehir
1833,Larine,Burcombe
1834,Colan,South
1835,Herb,Gilardi
1836,Hermy,Witherby
1837,Frasier,Greedyer
1838,Sully,Rosenbarg
1839,Nicolai,Stockey
1840,Reese,Proswell
1841,Fannie,Mcgoogan
1842,Aluino,Sainter
1843,Andros,Wickson
1844,Enoch,Batte
1845,Henryetta,Allwell
1846,Eilis,Hull
1847,Poul,Basnett
1848,Hunt,Ainsby
1849,Rufus,O'Ruane
1850,Vincents,Bahl
1851,Sherlock,Sibley
1852,Gillie,Mcauliffe
1853,Flori,Faithorn
1854,Nicolette,Bonehill
1855,Tobiah,Aistrop
1856,Brandyn,Macclinton
1857,Timoteo,Pack
1858,Siward,Luten
1859,Maudie,Dadswell
1860,Giraud,Castard
1861,Irwin,Scourge
1862,Glen,Spuner
1863,Tobey,Mabbett
1864,Josefina,Veillard
1865,Adria,Zorro
1866,Lane,Myrkus
1867,Kimmi,Bodell
1868,Mart,Greser
1869,Ozzy,Mattaus
1870,Joanne,Le Jean
1871,Tadeo,Hourigan
1872,Audre,Thomerson
1873,Geraldine,Pinnocke
1874,Dorothee,Salmond
1875,Booth,Coweuppe
1876,Carmella,Guidi
1877,Lanae,Christophle
1878,Crosby,Eliasson
1879,Aggi,Willetts
1880,Scottie,Orknay
1881,Arley,Dangl
1882,Kimberley,Mcgeouch
1883,Irvin,Clayhill
1884,Burtie,Clubley
1885,Cary,Heberden
1886,Benjamen,Harrow
1887,Ermentrude,Larrosa
1888,Moe,Finnie
1889,Chrissy,Leftbridge
1890,Kirsten,Gravell
1891,Antonia,Mackaig
1892,Barrie,Schruurs
1893,Audrye,Tobias
1894,Debby,Mcglynn
1895,Idell,Joiner
1896,Eran,Cicci
1897,Fabien,Hardaway
1898,Haily,Tomkins
1899,Shelley,O'Dyvoie
1900,Maurits,Alger
1901,Horatia,Tompkin
1902,Darryl,Gleed
1903,Yvette,Hammerberg
1904,Darcie,Baldetti
1905,Kizzee,Toyne
1906,Hughie,Baggelley
1907,Fayre,Swadlinge
1908,Rainer,Beecheno
1909,Beryle,D'Antonio
1910,Keriann,Crambie
1911,Artemas,Towse
1912,Elora,Ellen
1913,Hermione,Tume
1914,Robbin,Duchesne
1915,Harwilll,Pownall
1916,Arda,Disbrow
1917,Gertrud,Nind
1918,Slade,Cannavan
1919,Kalil,Mcpaike
1920,Trix,Bowerbank
1921,Wolf,Cattermull
1922,Alix,Burridge
1923,Tulley,Hindrich
1924,Dionysus,Garter
1925,Avram,Dank
1926,Tripp,Busst
1927,Bert,Spall
1928,Georg,Battman
1929,Nikola,Giroldi
1930,Lydie,Broadfield
1931,Frederica,Keher
1932,Gavin,Lackey
1933,Andrew,Giurio
1934,Millie,Standell
1935,Aloin,Ashment
1936,Jere,Jordine
1937,Rowe,Fritter
1938,Annie,Rosa
1939,Daisie,Wildsmith
1940,Herminia,Brettel
1941,Marco,Torra
1942,Nerissa,Culvey
1943,Shanon,Oldknow
1944,Jefferson,Paynton
1945,Nicol,Bragge
1946,Rollo,Quarry
1947,Sophie,Bosse
1948,Aldwin,Pilgram
1949,Kyla,Chadburn
1950,Denyse,Worley
1951,Thaxter,Plaid
1952,Katharyn,Panton
1953,Gannie,Lamberteschi
1954,Alric,Pettigrew
1955,Yevette,Rimbault
1956,Dina,Durbyn
1957,Ashley,Dempsey
1958,Elroy,Hatchell
1959,Sigismond,O'Heagertie
1960,Willis,Dedney
1961,Chlo,Fair
1962,Loraine,Colville
1963,Barbabas,Huygens
1964,Olivier,Veazey
1965,Hildagarde,Churchlow
1966,Abran,Munson
1967,Brena,Creeber
1968,Connor,Gegg
1969,Skelly,Bhar
1970,Franklyn,Gillman
1971,Julita,Benoy
1972,Terry,Macvanamy
1973,Kenn,Woolner
1974,Malachi,Carlisso
1975,Leonhard,Sogg
1976,Crissy,Mccrackan
1977,Sheridan,Angeau
1978,Lilllie,Kun
1979,Abbe,Ballard
1980,Farah,Ely
1981,Vale,Trevarthen
1982,Verney,Stieger
1983,Saxon,Mctiernan
1984,Kaleb,Cappel
1985,Gussy,Mathias
1986,Hermann,Caser
1987,Verine,Darter
1988,Pace,Delion
1989,Rooney,Sheldrick
1990,Jose,Larham
1991,Tabitha,Vowdon
1992,Alphard,Marrison
1993,Christy,Kyston
1994,Inna,Kidman
1995,Sammy,Gowrie
1996,Zaneta,Rowbottom
1997,Solly,Kollas
1998,Gaspard,Dunn
1999,Ali,Shegog
2000,Kendrick,Collinette
2001,Liuka,Drissell
2002,Bryanty,Zamorrano
2003,Fabian,Exell
2004,Matthiew,Olekhov
2005,Montague,Craft
2006,Garrard,Yakunin
2007,Howard,Shipperbottom
2008,Jarred,Connar
2009,Tim,Saunter
2010,Fletcher,Ayllett
2011,Kipp,Le Huquet
2012,Daryl,Mckillop
2013,Marmaduke,Bratch
2014,Rici,Willingale
2015,Randi,Lebourn
2016,Bryanty,Croal
2017,Sonja,Scibsey
2018,Elinore,Dunnan
2019,Auguste,Armstead
2020,Armstrong,Hursthouse
2021,Jeannine,Mcpolin
2022,Kiel,Mcmullen
2023,Kerby,Tranfield
2024,Jeromy,Gauntley
2025,Jacob,Esley
2026,Alessandra,Krollmann
2027,Hilary,Foxen
2028,Cynthy,Raiker
2029,Katleen,Siddon
2030,Kendal,Timmens
2031,Joy,Critten
2032,Rosmunda,Dionisetti
2033,Bryanty,Garbutt
2034,Barnebas,Mackettrick
2035,Ilaire,Ord
2036,Lula,Titley
2037,Hilarius,Zywicki
2038,Vail,Noen
2039,Jilly,Lampett
2040,Elysee,Mardoll
2041,Cissy,Arnoult
2042,Randolf,Boraston
2043,Weston,Bakes
2044,Padget,Gillyatt
2045,Brinna,Bridle
2046,Emmalynn,Valentetti
2047,Gabrielle,Clayal
2048,Ealasaid,Badcock
2049,Stanfield,Collison
2050,Edin,Elie
2051,Suellen,Downgate
2052,Shurlocke,Helmke
2053,Ruy,Wythill
2054,Shawn,Bowmer
2055,Marianne,Pietruszka
2056,Arley,Pinnegar
2057,Wash,Mchaffy
2058,El,Durante
2059,Benedick,Arnhold
2060,Shea,Skillett
2061,Carmel,Rishworth
2062,Marika,Massard
2063,Jasper,Moehle
2064,Luce,Midden
2065,Des,Dimond
2066,Cleve,Hallbord
2067,Amos,Vasnev
2068,Dukey,Paddemore
2069,Lee,Houlworth
2070,Elinore,Bevis
2071,Felicity,Biggans
2072,Gal,Wallwood
2073,Easter,Ragless
2074,Rae,Dallaghan
2075,Othella,Gorriessen
2076,Turner,Oldred
2077,Idaline,Gadeaux
2078,Alfons,Marchington
2079,Adolph,Andreia
2080,Casar,Broseman
2081,Rhoda,Drinkeld
2082,Eydie,Tanton
2083,Aubert,Greally
2084,Colene,Degli Antoni
2085,Manya,Ajsik
2086,Godwin,Roloff
2087,Ervin,Jerche
2088,Giulietta,Cready
2089,Gardiner,Di Ruggiero
2090,Zak,Hawes
2091,Silvester,Caller
2092,Karna,Henkmann
2093,Raimundo,Stacey
2094,Garrett,Sprulls
2095,Felicio,Mcgillivray
2096,Robbyn,Shearmur
2097,Monroe,Mcguinness
2098,Lynette,Ingram
2099,Danit,Matokhnin
2100,Bryanty,Antonnikov
2101,Maggy,O'Cleary
2102,Costa,Macvey
2103,Lennie,Mouncher
2104,Phillis,Melin
2105,Bobbye,Hains
2106,Garek,Mcteague
2107,Ulric,Mordin
2108,Thorpe,Pettett
2109,Llywellyn,Hoggins
2110,Marni,Mumberson
2111,Andris,Frangello
2112,Corette,Gislebert
2113,Abby,Pallatina
2114,Josy,Nell
2115,Adiana,Almey
2116,Paxon,Witcombe
2117,Caryn,Adriaan
2118,Pattin,Necrews
2119,Jdavie,Bools
2120,Broderic,Bradick
2121,Bond,Kimmel
2122,Lorrin,Filler
2123,Shelba,Westnage
2124,Jacklyn,Millhouse
2125,Jard,Antonowicz
2126,Bobby,Learmont
2127,Sampson,Prettejohns
2128,Allyn,Mccrum
2129,Norah,Bowen
2130,Diandra,Searles
2131,Andrey,Lawlance
2132,Hillel,Connechie
2133,Almire,Dwyer
2134,Gardie,Charsley
2135,Jozef,Vedekhin
2136,Alick,Padkin
2137,Edgardo,Hemphall
2138,Carroll,Benyon
2139,Abbe,Hanny
2140,Eimile,Pincott
2141,Constancia,Tesauro
2142,Klarrisa,Adamovitch
2143,Nickie,Mcniven
2144,Thomasa,Marlor
2145,Cordey,Rigardeau
2146,Gun,Cargill
2147,Tonia,Goodie
2148,Cort,Trow
2149,Christyna,Thirlwell
2150,Edi,O' Finan
2151,Henrik,Mott
2152,May,Cheales
2153,Romeo,Roache
2154,Ken,Gotter
2155,Kiele,Letford
2156,Harrison,Macnamee
2157,Bunni,Locard
2158,Farley,Hearnes
2159,Anica,Vallis
2160,Willy,Murphey
2161,Randee,Mackison
2162,Franciskus,Lethardy
2163,Dolph,Jobbins
2164,Lilian,Eyer
2165,Roselia,Tanswell
2166,Dot,Mcginly
2167,Ingelbert,Fri
2168,Corrie,Duiguid
2169,Frankie,Mabee
2170,Stefan,Insley
2171,Zacharias,Arnauduc
2172,Quinton,Kuhnt
2173,Ferdie,Glyne
2174,Rhonda,Revance
2175,Dorothee,Willacot
2176,Bary,Brambley
2177,Jeromy,Mebius
2178,Gavin,Sides
2179,Audi,Westmacott
2180,Burtie,Irnys
2181,Eliot,Frank
2182,Neall,Stuehmeyer
2183,Penni,Grioli
2184,Joletta,Matzaitis
2185,Ofelia,Helm
2186,Anselm,Marrow
2187,Sibley,Forrest
2188,Farris,Gogerty
2189,Honoria,Staziker
2190,Angeline,Rewbottom
2191,Alan,Heald
2192,Sholom,Banting
2193,Tonia,Oakes
2194,Lorant,Pesic
2195,Delmore,O'Loinn
2196,Vale,Fishbie
2197,Doti,Bothram
2198,Carrie,Eagling
2199,Thayne,Sainsberry
2200,Heindrick,Keay
2201,Nikoletta,Mccaffrey
2202,Adan,Jeacock
2203,Roze,Somerbell
2204,Ganny,Brumham
2205,Augusto,Bearblock
2206,Stern,Skrzynski
2207,Olivia,Dobrowski
2208,Wilhelm,Cohane
2209,Gabie,Maletratt
2210,Jeniece,Petty
2211,Ezequiel,Gutch
2212,Vinnie,Gimbrett
2213,Hermia,Vitte
2214,Britte,Kelleway
2215,Laural,O'Teague
2216,Vanda,Boate
2217,Natalina,Nabbs
2218,Verne,Francescuzzi
2219,Shurlock,Gounin
2220,Gasparo,Overill
2221,Lyndsie,Bailles
2222,Tyson,Spyby
2223,Callie,Glasscock
2224,Sybil,Ciabatteri
2225,Cassondra,Triplet
2226,Dix,Dinan
2227,Leland,Baverstock
2228,Emmie,Bellison
2229,Umeko,Sydall
2230,Darb,Heinssen
2231,Tildi,Dallicoat
2232,Chancey,Morey
2233,Lisha,Keaveny
2234,Cyrill,Wilkison
2235,Ainslie,Simeon
2236,Rhea,Cleynman
2237,Cornelia,Cowley
2238,Leonhard,Filkin
2239,Mahala,Benadette
2240,Halsy,Hursthouse
2241,Inessa,Mccurtin
2242,Kevon,O'Shavlan
2243,Nada,Niese
2244,Eleonora,Bleazard
2245,Latrina,Shingler
2246,Zitella,Hembery
2247,Elfreda,Aburrow
2248,Xerxes,Dobrowlski
2249,Isahella,Haddleston
2250,Merry,Walkowski
2251,Stephani,Libby
2252,Bette-Ann,Lemmers
2253,Romona,Buye
2254,Melvyn,Garstang
2255,Whitney,Woodger
2256,Crawford,Dugood
2257,Kristoforo,Hemphrey
2258,Clifford,Hinks
2259,Jilly,Beckensall
2260,Carmelina,Thorington
2261,Royal,Lougheed
2262,Damaris,Vallance
2263,Keefer,Carus
2264,Stacee,Kidson
2265,Kial,Gowdy
2266,Ernie,Proschek
2267,Teodoor,Fleay
2268,Waylon,Coughlan
2269,Elsa,Birrane
2270,Klarika,Gudgin
2271,Lotte,Witherop
2272,Kassia,Wynch
2273,Marcy,Rout
2274,Lia,Ginnaly
2275,Krystalle,Muzzlewhite
2276,Rozamond,Wilton
2277,Michele,Gonsalvo
2278,Betteann,Bridgeland
2279,Aubert,Cawtheray
2280,Opal,Mackinder
2281,Yulma,Kerrey
2282,Roxanna,Rashleigh
2283,Aymer,Randales
2284,Ruthe,Hamsher
2285,Velvet,Ghiotto
2286,Tracey,Spratley
2287,Anastasia,Howsam
2288,Weylin,Culpin
2289,Pepe,Bendig
2290,Dinah,Tarbatt
2291,Haskell,Mcdonnell
2292,Francois,Earengey
2293,Avivah,Lynas
2294,Aleece,Addicott
2295,Aidan,Elrick
2296,Hughie,Yeliashev
2297,Elsa,Hallgarth
2298,Evin,Bennallck
2299,Norine,Bolus
2300,Elfreda,Colomb
2301,Pam,Hupka
2302,Michail,Arkle
2303,Garth,Messager
2304,Antoni,Sparhawk
2305,Candida,Chilley
2306,Brion,Clappson
2307,Glen,Lillo
2308,Eugenie,Innocenti
2309,Almire,Vautrey
2310,Bernete,Fidele
2311,Welbie,Curgenven
2312,Gene,Pratty
2313,Web,Segrave
2314,Kellen,Brocklebank
2315,Doralynne,Torricina
2316,Cymbre,Reuben
2317,Nicholas,Welbeck
2318,Agosto,Meaddowcroft
2319,Ezekiel,Lemerie
2320,Tiphany,Gribben
2321,Julina,Hartles
2322,Ashley,Fitzharris
2323,Sallie,Mcnair
2324,Rudy,Davidde
2325,Dyna,Tallboy
2326,Vincenz,Mcgeown
2327,Pebrook,Kearle
2328,Forbes,Follos
2329,Jeannette,Bazelle
2330,Rennie,Kennsley
2331,Derby,Haggart
2332,Corbie,Hinchshaw
2333,Matthaeus,Stickens
2334,Vinson,Fooks
2335,Jacquelin,Clampin
2336,Page,Roubay
2337,Jacenta,Antonowicz
2338,Phylys,Flory
2339,Raul,Airlie
2340,Langsdon,Brashaw
2341,Danella,Munton
2342,Frannie,Doby
2343,Zonda,Babbidge
2344,Cleve,Craigs
2345,Micky,Mccaskell
2346,Jesse,Tiron
2347,Peirce,Macgray
2348,Keeley,Osburn
2349,Woodie,Reely
2350,Shelia,Beadles
2351,Charo,Lorent
2352,Cary,Edwicke
2353,Randi,Tomkowicz
2354,Jeri,Borges
2355,Anson,Streak
2356,Stacey,De Vuyst
2357,Rubia,Harnott
2358,Gayle,Vinsen
2359,Aili,Haggidon
2360,Myrlene,Olyfant
2361,Clarabelle,Dykins
2362,Mordecai,Chaunce
2363,Salaidh,Jumont
2364,Wenona,Fletham
2365,Gennie,Davidescu
2366,Saraann,Andriolli
2367,Karina,Andrejevic
2368,Priscella,Miskelly
2369,Rozele,Zanicchelli
2370,Sher,Biesinger
2371,Gladys,Roote
2372,Lottie,Janman
2373,Sheffield,Furzer
2374,Rhonda,Dupree
2375,Dianemarie,Wonfor
2376,Danielle,Absolom
2377,Fowler,Crewdson
2378,Kaylil,Gissing
2379,Johnny,Shea
2380,Jill,Pawelec
2381,Olenolin,Wressell
2382,Lelah,Nisot
2383,Durant,Dell 'Orto
2384,Gabby,Neilson
2385,Tobi,Short
2386,Brunhilda,Anslow
2387,Fabian,Dunnet
2388,Riannon,Sibylla
2389,Temp,Snelman
2390,Tommie,Hammerman
2391,Anton,Isaacs
2392,Winne,Kelloch
2393,Althea,Kopelman
2394,Barde,Mcgeneay
2395,Reg,Mcreynold
2396,Ania,Silver
2397,Chilton,Fridaye
2398,Gae,Crutch
2399,Port,Taylot
2400,Cirilo,Worley
2401,Thorvald,Grieve
2402,Amelina,Posnett
2403,Regan,Dyball
2404,Alia,Pollard
2405,Frazer,Trahmel
2406,Ashley,Fudge
2407,Jeth,Vasilyonok
2408,Cherianne,Raddon
2409,Cybil,Mandrake
2410,Damiano,Basten
2411,Deerdre,Mussard
2412,Nadia,Wheelton
2413,Bella,Tarbox
2414,Agustin,Craine
2415,Allene,Hand
2416,Pen,Tulley
2417,Gearard,Slegg
2418,Dick,Rubinshtein
2419,Phineas,Purton
2420,Carly,Rogge
2421,Gaylord,Alleway
2422,Dre,Southerton
2423,Mame,Kneaphsey
2424,Elfrida,Enden
2425,Rustie,Cormode
2426,Quincey,Gayle
2427,Rosita,Cabel
2428,Des,Tomovic
2429,Artair,Rois
2430,Waly,Napton
2431,Glenn,Coaker
2432,Artair,Cartman
2433,Lynea,Heustice
2434,Norri,Wybern
2435,Neal,Ginglell
2436,Cello,Durrand
2437,Yance,Grenfell
2438,L;Urette,Daveley
2439,Rozanne,Burhouse
2440,Emily,Yon
2441,Aurie,Loble
2442,Lemmie,Wylam
2443,Mattias,Blanpein
2444,Adelbert,Verrick
2445,Avrom,Harlowe
2446,Jaymee,Riden
2447,Melinda,Ocklin
2448,Estele,Prester
2449,Stern,Ashfull
2450,Dar,Lang
2451,Franzen,Iddy
2452,Sigmund,Carnihan
2453,Ashlie,Siveter
2454,Maxwell,Fadell
2455,Ofelia,Crow
2456,Neely,Aleksich
2457,Stephan,Etchingham
2458,Hobart,Caldeyroux
2459,Jeffy,Dudding
2460,Lauren,Bister
2461,Bowie,Nolton
2462,Maurine,Vedenyakin
2463,Vannie,Hounsome
2464,Abbe,Hanny
2465,Esme,Trusslove
2466,Matthaeus,Audas
2467,Cherey,Tollfree
2468,Theadora,Berkelay
2469,Kassi,Pinnock
2470,Austina,Depper
2471,Rivi,Epinay
2472,Lay,Trosdall
2473,Barbabra,Mandal
2474,Verena,Sheddan
2475,Bard,Demonge
2476,Nance,Crate
2477,Shelia,Carlesi
2478,Clemente,Akitt
2479,Kimbell,Lasseter
2480,Johanna,Inold
2481,Tiler,Andrejevic
2482,Ash,Hannon
2483,Marie-Ann,Vaar
2484,Orazio,Brawn
2485,Rip,Mcilvenny
2486,Delila,Garret
2487,Homer,Hymer
2488,Sibyl,Braddick
2489,Meridel,Randell
2490,Cilka,Anlay
2491,Ester,Foldes
2492,Alli,Sleeford
2493,Janet,Copner
2494,Wolfy,Dinzey
2495,Carroll,Corse
2496,Irina,Marritt
2497,Shalna,Jzak
2498,Babette,Mcgloughlin
2499,Chicky,Sawbridge
2500,Tori,Weatherhill
2501,Elyssa,Spenceley
2502,Maryann,Scarre
2503,Parke,Van Son
2504,Hazel,Boyack
2505,Ivett,Bridel
2506,Mandy,Margaret
2507,Tye,Worgen
2508,Isacco,Boichat
2509,Ardelis,Gylle
2510,Brose,Benaine
2511,Adela,Valance
2512,Aggy,Hefferan
2513,Leah,Earney
2514,Mile,O'Brien
2515,Horatio,Christley
2516,Regan,Rawlins
2517,Candie,Geare
2518,Mercy,Coronas
2519,Darcy,Srutton
2520,Westbrooke,Wonham
2521,Jessee,Chisnall
2522,Isac,Peschmann
2523,Valenka,Jirsa
2524,Sheeree,Collop
2525,Orion,Dines
2526,Ali,Outram
2527,Niel,Snartt
2528,Sullivan,Peskin
2529,Rhona,Bisgrove
2530,Fredrick,Carvil
2531,Annalise,Easom
2532,Lamont,Leverington
2533,Maure,Tink
2534,Rachelle,Strotton
2535,Gardie,Swaysland
2536,Gan,Suermeier
2537,Gayla,Bownas
2538,Mira,Bofield
2539,Theobald,Rawles
2540,Libbie,Pluck
2541,Corty,Frearson
2542,Salomi,Shalders
2543,Corby,Adnett
2544,Charlotte,Possa
2545,Idelle,Kidstoun
2546,Maurita,Gimblet
2547,Nara,Bagger
2548,Erastus,Wenger
2549,Willow,Karp
2550,Brooks,Gethouse
2551,Norbie,Iacobucci
2552,Nanette,Borrill
2553,Andreas,Kincey
2554,Grady,Romeo
2555,Harper,Armell
2556,Augustin,Winters
2557,Gusty,Beevens
2558,Ilka,Moodie
2559,Mylo,Leband
2560,Vaclav,Kettlestringes
2561,Alanna,Frane
2562,Broddie,Tetla
2563,Chelsea,Millward
2564,Drud,Buard
2565,Franciska,Kezor
2566,Stefan,Gersam
2567,Carline,Zuker
2568,Bear,Blacksell
2569,Lon,Gillimgham
2570,Alyce,Hares
2571,Mimi,Beamand
2572,Morgana,Mcdarmid
2573,Hervey,Climer
2574,Cami,Burberow
2575,Lynnell,Samber
2576,Rosina,Ellaway
2577,Jeniffer,Kohrsen
2578,Shelagh,Barthel
2579,Dermot,Lambourne
2580,Terri,Spensley
2581,Arlin,Leman
2582,Sonnnie,Stelljes
2583,Elfrida,Santarelli
2584,Dorolisa,Cutmere
2585,Elli,Villalta
2586,Alberto,O Sullivan
2587,Doretta,Lourenco
2588,Cordie,Capon
2589,Hogan,Bushnell
2590,Axel,Scatchar
2591,Emmey,Wadforth
2592,Klement,Harley
2593,Tiffany,Gronaller
2594,Winnie,Waskett
2595,Anabelle,Masey
2596,Reeva,Roistone
2597,Devan,Claricoats
2598,Reube,Launchbury
2599,Arlyne,Mcneish
2600,Janna,Heyfield
2601,Karina,Ingyon
2602,Rea,Lindwasser
2603,Miguel,Bowen
2604,Maxy,Serjent
2605,Wayne,Abazi
2606,Gianina,Bessent
2607,Shay,Merrgen
2608,Brendon,Ferrieri
2609,Lavena,Moehler
2610,Hersh,Bramo
2611,Bruce,Wingatt
2612,Ashli,Mullaney
2613,Stavro,Bartocci
2614,Benedick,Bernardeau
2615,Tabby,Henrych
2616,Rikki,Balharrie
2617,Reina,Loudiane
2618,Ellerey,Shenton
2619,Jon,Aries
2620,Virgilio,Zavattieri
2621,Arleen,Mcallan
2622,Deck,Eannetta
2623,Dania,Skellern
2624,Kriste,Yallop
2625,Uri,Ingley
2626,Pren,Abramovicz
2627,Rowney,Von Hagt
2628,Evania,Toombs
2629,Linn,Miners
2630,Markus,Game
2631,Kalle,Waine
2632,Hayward,Macdunleavy
2633,Huberto,Vollam
2634,Abeu,Bourcq
2635,Stella,Ulster
2636,Sayer,Weedon
2637,Chilton,Niece
2638,Joyce,Turbitt
2639,Lorianne,Potticary
2640,Palmer,Zanicchi
2641,Felice,Culkin
2642,Josselyn,O'Sheils
2643,Harmon,Jaggi
2644,Daisy,Brims
2645,Eda,Banner
2646,Donalt,Savary
2647,Hubie,Surgood
2648,Ase,Fenn
2649,Lalo,Halton
2650,Prudy,Jouannin
2651,Paco,St Ange
2652,Klarika,Grodden
2653,Karlene,Mcdermott-Row
2654,Baron,Freschi
2655,Cinderella,Chedzoy
2656,Tanya,Altofts
2657,Kitty,Triggol
2658,Amerigo,Graysmark
2659,Flss,Whittle
2660,Forbes,Scimoni
2661,Rochell,Reston
2662,Bryn,Gianilli
2663,Aggy,Alessandrucci
2664,Kevan,Elsey
2665,Marga,Henryson
2666,Haroun,Mccrohon
2667,Oralle,Kose
2668,Emiline,Bolderoe
2669,Stacie,Heads
2670,Erik,Gervaise
2671,Aldridge,Du Fray
2672,Elliot,Ruckert
2673,Sergei,Kenrick
2674,Florence,Joseph
2675,Lavinie,De Quesne
2676,Wileen,Tolley
2677,Othilia,Skypp
2678,Susette,Tregunnah
2679,Vernor,Farrance
2680,Winnifred,Outright
2681,Dillon,Gemnett
2682,Elliot,Howarth
2683,Guinna,Garford
2684,Gunilla,Davidi
2685,Barbey,Rickertsen
2686,Salvidor,Cully
2687,Ivett,Pote
2688,Barry,Bassett
2689,Bailey,Antrim
2690,Haywood,Sandeford
2691,Leonid,Coule
2692,Ninette,Borrel
2693,Phyllida,Mcdiarmid
2694,Atlante,Brewins
2695,Vivien,Beiderbeck
2696,Harmon,Chasemore
2697,Nicola,Gloyens
2698,Suzy,Blaisdell
2699,Todd,Kohnert
2700,Gunter,Marzellano
2701,Shanda,Glanester
2702,Flo,Mcsparran
2703,Enrique,Garside
2704,Viv,Newby
2705,Hilda,Winkett
2706,Palm,Jakovijevic
2707,Herold,Dionisetto
2708,Darb,Noor
2709,Flore,Drake
2710,Lynea,Fitzsymon
2711,Meredithe,Ullyatt
2712,Templeton,Krzysztofiak
2713,Gradey,Connor
2714,Guthrie,Klebes
2715,Brion,Grishechkin
2716,Rosanna,Berkely
2717,Daniela,Raffan
2718,Jimmy,Sand
2719,Billie,Sinkings
2720,Mamie,Sperrett
2721,Roda,Tours
2722,Idelle,Pidgeley
2723,Adah,Spencers
2724,Teodora,Redwood
2725,Sibley,Anderton
2726,Ruth,Harnor
2727,Mordecai,Chamberlin
2728,Teddi,Junifer
2729,Gillan,Rosendorf
2730,Chloette,Van Weedenburg
2731,Gabbie,Over
2732,Arlen,Meacher
2733,Gunter,Catto
2734,Law,Massen
2735,Leigha,Pafford
2736,Giles,De Angelis
2737,Kala,Franzini
2738,Davey,Mcdowell
2739,Bud,Carletto
2740,Carlyn,Durram
2741,Meagan,Osmon
2742,Deana,Legonidec
2743,Wileen,Reckus
2744,Wilmer,Gealle
2745,Shirl,Bould
2746,Sunny,Menat
2747,Warde,Zecchinii
2748,Cati,Von Salzberg
2749,Scot,Rankine
2750,Amalea,Tysack
2751,Michele,Lawtie
2752,Mickey,Lamport
2753,Bart,Bouttell
2754,Thatcher,Frankish
2755,Myrna,Bonafant
2756,Valida,Ketchaside
2757,Biddy,Rapps
2758,Jarib,Rayhill
2759,Lanny,Esposita
2760,Lise,Wildman
2761,Joycelin,Doerffer
2762,Remington,Hensmans
2763,Guillemette,Fibbit
2764,Monty,Hillam
2765,Konstantine,Badsey
2766,Thea,Labbey
2767,Auberta,Ruddick
2768,Louise,Dowse
2769,Yelena,Kelleway
2770,Luke,Able
2771,Ave,Waudby
2772,Rockey,Pietesch
2773,Annemarie,Dulinty
2774,Bourke,Caudrey
2775,Felicia,Annion
2776,Pearce,Maxwale
2777,Isabelita,Alexandrou
2778,Kristin,Munson
2779,Kathlin,Gibling
2780,Tiffie,Barenskie
2781,Thea,Persey
2782,Latisha,Ibel
2783,Howie,Haith
2784,Beth,Tiner
2785,Josselyn,Kaindl
2786,Fidela,Dallywater
2787,Berry,Codd
2788,Kariotta,Barense
2789,Dickie,Kearton
2790,Garnette,Zanussii
2791,Knox,Mcgraw
2792,Parke,Coulthurst
2793,Wendell,Thomassen
2794,Ertha,Nudds
2795,Kayle,Ferenc
2796,Gonzalo,Danniell
2797,Asher,Mccrow
2798,Lurleen,Cestard
2799,Chandler,Ilchenko
2800,Jacky,Reilingen
2801,Phillis,Lyfield
2802,Celle,Barlas
2803,Scott,Duny
2804,Conny,Robson
2805,Boycey,Matushenko
2806,Tye,Klejna
2807,Selia,Diem
2808,Katya,Curtois
2809,Laurella,Daintrey
2810,Worthington,Stollenwerck
2811,Hartwell,Candwell
2812,Loree,Hinkens
2813,Bernadette,O' Timony
2814,Bobby,Mccracken
2815,Andrei,Musslewhite
2816,Nata,Bohman
2817,Ermina,Mitchall
2818,Kellie,Tanguy
2819,Otis,Mcgrah
2820,Gert,Buffery
2821,Eden,Goodboddy
2822,Omar,Bromilow
2823,Jaquenetta,Catonne
2824,Vilhelmina,Kissell
2825,Bibi,Mastrantone
2826,Jordana,Bice
2827,Brittany,Mccluskey
2828,Fabio,Vedishchev
2829,Timmi,Warr
2830,Cherise,Dudbridge
2831,Laurel,Ebbers
2832,Fax,Schankelborg
2833,Nickolas,Fears
2834,Yank,Cargill
2835,Jeremie,Giacobazzi
2836,Ardys,Ruppele
2837,Matthew,Jemison
2838,Dallas,Sheekey
2839,Cello,Ricioppo
2840,Bennie,Latan
2841,Standford,Brewitt
2842,Thurstan,Denman
2843,Cristin,Screas
2844,Florina,Sudlow
2845,Maxi,Macgaughey
2846,Artemas,Bewlay
2847,Etta,Whitemarsh
2848,Morse,Joly
2849,Albie,Romanski
2850,Winnifred,Hingeley
2851,Liane,Lorente
2852,Brendin,Curran
2853,Shayne,St Louis
2854,Ulrika,Lemerie
2855,Micheil,Rotlauf
2856,Darbee,Goslin
2857,Berkeley,Bothe
2858,Klarika,Mcconigal
2859,Prisca,Ginnally
2860,Megen,Durtnall
2861,Noel,Hayland
2862,Clint,Gorbell
2863,Tait,Harlett
2864,Humfrid,Strafen
2865,Judas,Espadero
2866,Berri,Cocklin
2867,Wolfie,Showers
2868,Dion,Pavlasek
2869,Timmy,Benzies
2870,Ettore,Elphee
2871,Shepherd,Aliman
2872,Angel,Matteau
2873,Granger,Carayol
2874,Gaven,Eckford
2875,Nicolea,Gibbins
2876,Reginauld,Bridgland
2877,Orly,Eakle
2878,Retha,Dunnico
2879,Katharina,Aleswell
2880,Husein,Yesinov
2881,Rodrick,Esselen
2882,Joshuah,Pourveer
2883,Finlay,Lepick
2884,Rodolfo,Woloschinski
2885,Valentine,Brosini
2886,Angelle,Poulglais
2887,Sammie,Goby
2888,Marc,Rubinsaft
2889,Sansone,Caghan
2890,Rowland,Cabotto
2891,Alfi,Mccracken
2892,Jolene,Alyonov
2893,Celina,Burder
2894,Ferdinande,Paulino
2895,Adamo,Osment
2896,Nance,Tothe
2897,Adlai,Gahagan
2898,Blayne,Jenne
2899,Wren,O'Curran
2900,Mercedes,Cadden
2901,Godfrey,Mcalpine
2902,Pansy,Tranckle
2903,Niven,Ransbury
2904,Jamima,Thursby
2905,Alfred,Huetson
2906,Donica,Andreas
2907,Lawton,Redpath
2908,Matilda,Skeel
2909,Theresina,Breckell
2910,Tammy,Behrens
2911,Merrie,Mathon
2912,Niles,Haughin
2913,Tania,Lemme
2914,Gawen,Murricanes
2915,Stavros,Petticrow
2916,Alfi,Janku
2917,Yuma,Henrion
2918,Lise,Ogilvie
2919,Janet,Mulqueeny
2920,Rollins,Dalgardno
2921,Jania,Argyle
2922,Fifine,Wreight
2923,Free,Nicholes
2924,Edi,Jiggins
2925,Rice,Plampin
2926,Cassius,Hollibone
2927,Oliver,Thacke
2928,Harlene,Brymner
2929,Mata,Farrell
2930,Maggy,Clapison
2931,Chauncey,Janoschek
2932,Mellicent,Desaur
2933,Fay,Beautyman
2934,Linus,Pietruszewicz
2935,Lem,Burbidge
2936,Kamila,Silversmidt
2937,Tobie,Culcheth
2938,Vite,Comino
2939,Tricia,Kienlein
2940,Dory,Cooksey
2941,Shane,Odo
2942,Megan,Hallihan
2943,Corena,Birtley
2944,Leandra,Futty
2945,Bernadine,Sinkin
2946,William,Dryden
2947,Sosanna,Rawlings
2948,Charissa,Briiginshaw
2949,Stormie,Willoughey
2950,Gilburt,Chamney
2951,Dene,Hardey
2952,Pippo,Brownstein
2953,Matthias,Burns
2954,Angie,Pockey
2955,Maxwell,Wyer
2956,Holmes,Epsley
2957,Buddy,Kettle
2958,Freedman,Bidder
2959,Francisco,Tebboth
2960,Philippa,Mccalister
2961,Adena,Fenkel
2962,Padraic,Labat
2963,Evey,Reisk
2964,Garret,Pleasaunce
2965,Emogene,Grouvel
2966,Sydel,Tilne
2967,Gussi,Pattrick
2968,Danella,Winkett
2969,Danica,Isbell
2970,Artur,Domaschke
2971,Dianna,Brewett
2972,Mill,Uridge
2973,Sebastiano,Ramsby
2974,Justinn,Rosiello
2975,Osgood,Mahood
2976,Yalonda,Beacom
2977,Tedmund,Emanulsson
2978,Gael,Eick
2979,Moshe,Backshell
2980,Samuele,Melpuss
2981,Tan,Woltering
2982,Kaila,Fearfull
2983,Fax,Sogg
2984,Park,Jaumet
2985,Terrie,Mackibbon
2986,Miguela,Quantrill
2987,Emanuele,Epton
2988,Hermione,Tomsett
2989,Gray,Eadmeads
2990,Bertie,Macafee
2991,William,Tomlett
2992,Ignacius,Pleasaunce
2993,Aarika,Preist
2994,Sheba,Everal
2995,Gav,Rantoul
2996,Euphemia,Fargher
2997,Colette,Danniell
2998,Skylar,Dodwell
2999,Adham,Petrolli
3000,Benita,Robbel
3001,Teodor,Pattlel
3002,Bondon,Smethurst
3003,Sloane,Philbrook
3004,Darya,Tayt
3005,Melodee,Klink
3006,Daile,Kitchinham
3007,Clemmie,Beach
3008,Husein,Etoile
3009,Tedman,Fraser
3010,Robby,Arias
3011,Norry,Nerney
3012,Shantee,Macmichael
3013,Laurie,Hoggan
3014,Stacee,Points
3015,Garvin,Ianizzi
3016,Patin,Storek
3017,Juliet,Scottrell
3018,Kizzee,Oliva
3019,Bee,Becket
3020,Alidia,Govett
3021,Jeana,Schowenburg
3022,Gage,Vittel
3023,Marysa,Heathorn
3024,Roland,Mcmurray
3025,Gannie,Barehead
3026,Teddie,Kemet
3027,Gunter,Yokley
3028,Trumaine,Chastney
3029,Siouxie,Tunstall
3030,Rhodia,Valsler
3031,Cesaro,Dodgshon
3032,Cherianne,Zamora
3033,Rickert,Bradforth
3034,Keenan,Stubbes
3035,Marius,Soltan
3036,Auberon,Hatter
3037,Ludovico,Orridge
3038,Ulrikaumeko,Yeandel
3039,Sanford,Larking
3040,Jdavie,Frisby
3041,Enoch,Brigg
3042,Samantha,Evennett
3043,Juieta,Tellett
3044,Kylie,Murname
3045,Dalt,Le Grand
3046,Lee,Mcilmorow
3047,Alison,Tranckle
3048,Deonne,Prott
3049,Verney,Skehan
3050,Christina,Fumagalli
3051,Raquela,Armand
3052,Chantal,Mailes
3053,Lambert,Santori
3054,Fonz,Grzegorzewicz
3055,Rainer,Josefovic
3056,Selestina,Mcbean
3057,Raimundo,Overland
3058,Gaylor,Wildblood
3059,Kerry,Talman
3060,Terrance,Wolfinger
3061,Marlyn,Palleske
3062,Jim,Joint
3063,Alain,Peinton
3064,Heindrick,Mckiddin
3065,Schuyler,Connold
3066,Benedikt,Scogings
3067,Davidson,Biskupiak
3068,Oswell,Burdis
3069,Sandor,Atack
3070,Audrey,Bossel
3071,Abey,Lightollers
3072,Gradeigh,Starie
3073,Nataline,Candwell
3074,Brittney,Reimer
3075,Renado,Arnaldo
3076,Dean,Burnup
3077,Lucian,Luckin
3078,Janelle,Forbear
3079,Wanids,Glidder
3080,Alex,Borkett
3081,Julia,Llorens
3082,Willette,Jowle
3083,Bernice,Niblett
3084,Morgen,Keningham
3085,Emile,Vint
3086,Rina,Soffe
3087,Gerianne,Bagge
3088,Auberon,O'Quin
3089,Rik,Jurick
3090,Herby,Tomaini
3091,Wilma,Dagger
3092,Gloria,Hazlehurst
3093,Tabor,Veltman
3094,Rhys,Yakebovich
3095,Denny,Enga
3096,Correy,Moulds
3097,Silvie,Allderidge
3098,Gilbertine,Matteoni
3099,Rooney,Crosston
3100,Hedwig,Albutt
3101,Bobine,Brodie
3102,Jeromy,Fomichkin
3103,Benedicto,Hundey
3104,Philip,Hullbrook
3105,Brandi,Alvarado
3106,Robinson,Stickles
3107,Dalis,Gambles
3108,Sydney,Pigot
3109,Jemmie,Boome
3110,Donal,Mila
3111,Nicolea,Blazynski
3112,Susie,Ciccoloi
3113,Frank,Hallward
3114,Sigmund,Moulin
3115,Danya,Collick
3116,Donalt,Kincey
3117,Jedidiah,Bennett
3118,Herby,Gladdor
3119,Tessy,Spurgeon
3120,Karrah,Chatters
3121,Filberto,Annis
3122,Burtie,Garfitt
3123,Tab,Shitliff
3124,Allistir,Langrick
3125,Ashley,Harmant
3126,Loree,Abbot
3127,Augustus,Korba
3128,Corney,Kolinsky
3129,Brooke,Cridlin
3130,Haskel,Oldroyde
3131,Melanie,Dawbury
3132,Burnard,Antonsson
3133,Saree,Schwand
3134,Darrin,Perrelle
3135,Roze,Kyles
3136,Janina,Muncer
3137,Errol,Allderidge
3138,Scarlett,Ciccarello
3139,Benson,Syncke
3140,Halsey,Broader
3141,Sukey,Donisi
3142,Marcy,Treat
3143,Yuma,Dowry
3144,Sinclair,Breissan
3145,Conn,Dobson
3146,Nicolle,Radford
3147,Marquita,Forrington
3148,Ingaborg,Pitblado
3149,Bethanne,Este
3150,Ingelbert,Clench
3151,Rebekkah,Airdrie
3152,Aura,Louche
3153,Cully,Seward
3154,Neall,Lannin
3155,Lenna,Daulby
3156,Simmonds,Castledine
3157,Billi,Narraway
3158,Aurelea,Leason
3159,Lucius,Buswell
3160,Esdras,Pires
3161,Siouxie,Rogan
3162,Marchall,Pocklington
3163,Granthem,Long
3164,Charlean,Balston
3165,Jimmie,Durker
3166,Jeanette,Wankel
3167,Maxi,Highwood
3168,Gianni,Decroix
3169,Olwen,Nixon
3170,Giulietta,Dissman
3171,Joanna,Thwaite
3172,Salim,Edmundson
3173,Nehemiah,Tackle
3174,Jan,Manilo
3175,Derrek,Shillinglaw
3176,Suzette,Glander
3177,Bambi,See
3178,Ainslee,Paice
3179,Fernanda,Hendrich
3180,Virge,Insole
3181,Kathy,Meeking
3182,Lind,Ferebee
3183,Aguie,Morrad
3184,Vania,Ingray
3185,Ola,Robelet
3186,Leoline,Stelli
3187,Malia,Checcucci
3188,Antoni,Caney
3189,Alanah,Matfin
3190,Jehu,Van Arsdall
3191,Rana,Antoniou
3192,Nickolaus,Jeacocke
3193,Briano,Nissle
3194,Temple,Plumridege
3195,Adeline,Ordidge
3196,Agnes,Attack
3197,Stanleigh,Huson
3198,Lyell,Sandell
3199,Putnem,Ericsson
3200,Hadrian,Cornau
3201,Dodie,Mcgowran
3202,Rayshell,Lince
3203,Freddie,Ludlam
3204,Dean,Bridle
3205,Fancie,Coster
3206,Abran,Odams
3207,Brod,Blunden
3208,Shel,Bolzen
3209,Matilda,Mattiessen
3210,Georgette,Giacomo
3211,Hubey,Brookes
3212,Hanni,Katt
3213,Willow,Gaywood
3214,Jeanne,Brayne
3215,Joana,Frawley
3216,Kingston,Comsty
3217,York,Sygroves
3218,Camel,Miguet
3219,Vina,Fodden
3220,Sawyere,Paskell
3221,Zeb,Tippings
3222,Nil,Iacovo
3223,Aurora,Jimson
3224,Garrick,Fairbanks
3225,Helena,Swire
3226,Francklin,Warrington
3227,Dorene,Franschini
3228,Valerye,Hobbing
3229,Diana,Webby
3230,Ginevra,Paice
3231,Chane,Wetwood
3232,Barbra,Polleye
3233,Shelbi,Waddingham
3234,Lenora,Gannicott
3235,Aindrea,Normanvill
3236,Annamaria,Redhole
3237,Sarah,Magor
3238,Zacharie,Bann
3239,Simonne,Reggler
3240,Vernon,Curl
3241,Waylon,Currall
3242,Bridie,Tosh
3243,Savina,Phythien
3244,Cleveland,Vasyukhin
3245,Katherina,Bowton
3246,Gerladina,Gannon
3247,Giustina,Catford
3248,Fidel,Norval
3249,Kim,Bester
3250,Nomi,Verne
3251,Verla,Di Antonio
3252,Cale,De Quesne
3253,Cherrita,Allchorne
3254,Charmain,Diben
3255,Hulda,Bales
3256,Bunny,Barns
3257,Malvina,Whiteford
3258,Elsie,Fursland
3259,Ebeneser,Handy
3260,Marvin,Gorger
3261,Rosalinde,Smallshaw
3262,Rosalinda,Frizzell
3263,Sophey,Skypp
3264,Consolata,Maudlen
3265,Maren,Burgott
3266,Hale,Godbald
3267,Hilliard,Trusse
3268,Melli,Richardet
3269,Wade,Friedenbach
3270,Brian,Geard
3271,Guido,Lassells
3272,Walden,Lavelle
3273,Shelden,Sheraton
3274,Kacey,Smurthwaite
3275,Tracee,Hawkswood
3276,Stewart,Stapleford
3277,Calv,Silverman
3278,Claire,Reville
3279,Audrye,Walkingshaw
3280,Selle,Mckeowon
3281,Bird,Hatfield
3282,Derrik,Lumbers
3283,Pace,Raine
3284,Briant,Pope
3285,Vladamir,Waddams
3286,Jecho,Rousel
3287,Karney,Tallboy
3288,Titus,Dechelle
3289,Ronda,Budcock
3290,Lexine,Rapson
3291,Osbourne,Witherdon
3292,Cati,Dumphries
3293,Jayne,Andriveau
3294,Eamon,Falls
3295,Betsey,Chadwell
3296,Elliot,Sarsfield
3297,Norbert,Dye
3298,Tate,Coade
3299,Emeline,Whistance
3300,Conrad,Chadney
3301,Staffard,Load
3302,Fraser,Hurnell
3303,Worthington,Richford
3304,Robenia,Landor
3305,Claudio,Handrick
3306,Nevil,Rickerby
3307,Khalil,Vosper
3308,Sal,Rignoldes
3309,Prescott,Alfuso
3310,Herold,Prudham
3311,Shermy,Swancock
3312,Robin,Fugere
3313,Terrell,Orridge
3314,Donalt,Julyan
3315,Monah,Menci
3316,Dev,Mcpherson
3317,Shandeigh,Birchett
3318,Muhammad,Percy
3319,Shandeigh,Ilyushkin
3320,Judie,Lowy
3321,Gav,Molson
3322,Siegfried,Gerleit
3323,Benedick,De Roberto
3324,Lanna,Milley
3325,Tadio,Goullee
3326,Katalin,Redley
3327,Lea,Normington
3328,Charleen,Feldberger
3329,Cornelia,Artist
3330,Vincenty,Roubay
3331,Phineas,Filshin
3332,Kary,Beeby
3333,Wilona,Crean
3334,Carlynne,Keal
3335,Westbrook,Paynton
3336,Corby,Mccambridge
3337,Melamie,Keers
3338,Marillin,Rosendall
3339,Keen,Bentham3
3340,Homere,Stentiford
3341,Muhammad,Linn
3342,Barbette,Sorton
3343,Bax,Sweetman
3344,Ambrosi,Carnow
3345,Mac,Birkinshaw
3346,Kellen,Bentick
3347,Trescha,Gendrich
3348,Fleming,Taillard
3349,Elicia,Broggio
3350,Paxton,Mcginlay
3351,Abbott,Yea
3352,Doy,Tams
3353,Agustin,Roderighi
3354,Dominique,Pulfer
3355,Jon,Raikes
3356,Myrvyn,Sutherns
3357,Adler,Wingatt
3358,Dermot,Gunthorp
3359,Gavan,Soltan
3360,Jeffrey,Borrell
3361,Jamima,Sturgess
3362,Athene,Bozworth
3363,Opaline,Gammon
3364,Cari,Bradlaugh
3365,Daren,Houson
3366,Melony,Tristram
3367,Teodoro,Mcchesney
3368,Ashbey,Seakes
3369,Philly,Jerrim
3370,Willi,Goulston
3371,Merilee,Wheelband
3372,Sandi,Gurton
3373,Hilliard,Brockett
3374,Berkie,Brusby
3375,Bidget,Macarthur
3376,Julie,Condliffe
3377,Andris,Bradley
3378,Al,Hugonet
3379,Edward,Gallop
3380,Ash,Hansen
3381,Percival,Berrycloth
3382,Aretha,Rosenboim
3383,Claresta,Poundford
3384,Maryanna,Seeney
3385,Cassaundra,Yuill
3386,Burgess,Orchart
3387,Patrice,Dowe
3388,Baily,Camidge
3389,Padgett,Crennan
3390,Gabrila,Chasier
3391,Kimmi,Edgecumbe
3392,Levy,Standage
3393,Muffin,Jandel
3394,Calida,Behr
3395,Eddy,Smuth
3396,Jeannette,Willans
3397,Mora,Joutapavicius
3398,Tadeas,Bidmead
3399,Mathian,Crews
3400,Matthiew,Tumbridge
3401,Orton,Borer
3402,Tirrell,Tabart
3403,Leeanne,Allsepp
3404,Evangelin,Gorges
3405,Clywd,Musgrove
3406,Lanni,Otton
3407,Yankee,Reihm
3408,Alikee,Sawood
3409,Roland,Skeene
3410,Chrissy,Sate
3411,Eric,Spritt
3412,Farica,Harding
3413,Kore,Amburgy
3414,Juli,Ruler
3415,Gery,Beckenham
3416,Jacquelynn,Banasiak
3417,Krystalle,Deeney
3418,Gerianne,Christoforou
3419,Dru,Maling
3420,Louella,Cuppitt
3421,Clarke,Whitelock
3422,Farrel,Bertl
3423,Chadd,Ellen
3424,Sean,Dillaway
3425,Adah,Fost
3426,Abram,Sueter
3427,Darn,Kirkby
3428,Jessamyn,Reightley
3429,Rockwell,Gutteridge
3430,Serge,Muehle
3431,Sydney,Burchmore
3432,Gisela,Schachter
3433,Abram,Goldster
3434,Yvor,Shepstone
3435,Bab,Durnan
3436,Cosimo,Labram
3437,Maible,Antic
3438,Westleigh,Aleksidze
3439,Carlo,Beekman
3440,Cordie,Bolduc
3441,Bourke,Belsey
3442,Phedra,Berriball
3443,Silvester,Ondra
3444,Clyve,Bradden
3445,Winna,Lemmertz
3446,Fremont,Vicary
3447,Sherwood,Cahan
3448,Byrom,Sawday
3449,Kat,Sutherland
3450,Corby,Torel
3451,Leland,Wither
3452,Maury,Hallybone
3453,Clio,Lafflina
3454,Farlee,Petren
3455,Elisabeth,Ebbutt
3456,Benedikt,Cohani
3457,Wolfgang,O'Grady
3458,Alistair,Mccartney
3459,Dunstan,Teresse
3460,Joanna,Eggerton
3461,Candi,Camillo
3462,Murvyn,Budnk
3463,Augustin,Tabrett
3464,Silvano,Maccague
3465,Mischa,Osgar
3466,Balduin,Gudgion
3467,Ervin,Acosta
3468,Nanni,Caldera
3469,Joachim,Guslon
3470,Dean,Duchant
3471,Chandler,Tregust
3472,Hartwell,Jewess
3473,Allx,Macdearmaid
3474,Derrek,Scarce
3475,Aguie,Prati
3476,Shayne,De Domenico
3477,Brandise,Moston
3478,Petronilla,Ziemens
3479,Jarrod,Driffe
3480,Celestina,Aysik
3481,Nikolaus,Gullefant
3482,Palmer,Snaddin
3483,Daniele,Iskowicz
3484,Brandy,Iannazzi
3485,Romy,Miles
3486,Jerome,Kasting
3487,Auberon,Werny
3488,Ceil,Suerz
3489,Eimile,Sanper
3490,Wallas,Hacket
3491,Devlen,Froome
3492,Amalia,Orris
3493,Kendra,Twort
3494,Wilden,Claisse
3495,Dulsea,Westfalen
3496,Boycey,Mcspirron
3497,Kendell,Ruppele
3498,Judd,Abrahm
3499,Belvia,O'Neill
3500,Letizia,Persence
3501,Forster,Clines
3502,Carly,Assandri
3503,Tremain,Barosch
3504,Kettie,Lufkin
3505,Cecil,Kennewell
3506,Kyla,Jankovsky
3507,Dixie,Macrae
3508,Lewiss,Sabban
3509,Kat,Rigard
3510,Belia,Losseljong
3511,Peggy,Hariot
3512,Nealon,Cisland
3513,Selby,Floyd
3514,Prentice,Van Der Hoeven
3515,Amos,Debill
3516,Dexter,Clucas
3517,Samson,Mosen
3518,Myrtle,Satterly
3519,Quint,Pontain
3520,Tana,Cullinane
3521,Costanza,Pyke
3522,Kenton,Kilgrove
3523,Darda,Di Giacomo
3524,Othilia,Hucker
3525,Lavinie,Marshman
3526,Silvain,Kuhwald
3527,Audra,Boodell
3528,Wilt,Gotliffe
3529,Rosene,Yearnsley
3530,Larry,Claridge
3531,Hattie,Dullard
3532,Dacy,Pococke
3533,Kingsly,Lowdwell
3534,Cleon,Kemson
3535,Seymour,Rodda
3536,Pavlov,Peyto
3537,Linc,Hallex
3538,Whitby,Mc Ilwrick
3539,Guss,Tacon
3540,Berty,Huban
3541,Matthieu,Dulake
3542,Darwin,Sambiedge
3543,Sim,Bacchus
3544,Anabal,Teese
3545,Sybila,Bragge
3546,Donalt,Gummoe
3547,Devon,Mccracken
3548,Christian,Clowley
3549,Romola,Coldtart
3550,Shea,Chasmoor
3551,Nora,Akers
3552,Francklyn,Leyninye
3553,Julissa,Dumbleton
3554,Zacharias,Restorick
3555,Andriana,Uc
3556,Grayce,Aim
3557,Benita,Enefer
3558,Isacco,Teese
3559,Farlee,Baalham
3560,Zsa Zsa,Rounsefull
3561,Amanda,Minto
3562,Annie,Ibbotson
3563,Roana,Sanger
3564,Elise,Soppeth
3565,Betty,Lamlin
3566,Verena,Townes
3567,Constance,Fellibrand
3568,Joannes,Yurshev
3569,Brunhilde,Zellick
3570,Shurlock,Dutch
3571,Georgena,Tchaikovsky
3572,Mathilde,Keppin
3573,Aili,Bursnoll
3574,Domini,Norvel
3575,Kerr,Allanson
3576,Valaria,Bunton
3577,Berty,Saye
3578,Eldin,Broster
3579,Vanessa,Schimke
3580,Cherrita,Mcgilleghole
3581,Ortensia,Winscomb
3582,Fleming,Mcmurdo
3583,Brigid,Blabber
3584,Ludvig,Grzes
3585,Hurley,Collyer
3586,Kitty,Allen
3587,Bary,Fendlen
3588,Horten,Goble
3589,Natassia,Pawle
3590,Karoly,Skates
3591,Nickolai,Mollison
3592,Albina,Alves
3593,Evered,Giovanizio
3594,Michelle,Dungee
3595,Elliot,Yarnley
3596,Vanessa,Gives
3597,Fremont,Oxlee
3598,Fan,Hember
3599,Ulrike,Kirvin
3600,Fee,Karpe
3601,Katrine,Westley
3602,Quill,Tompkinson
3603,Nissie,D'Andrea
3604,Donavon,Glazebrook
3605,Gisele,Beetham
3606,Hilliard,Reinard
3607,Shanie,Deniso
3608,Ira,Rathbourne
3609,Shaun,Dowley
3610,Kaylyn,Serfati
3611,Hartwell,Silver
3612,Shoshanna,Janicek
3613,Ingrid,Cradick
3614,Chevy,Pyburn
3615,Bertram,Esgate
3616,Larisa,Warrington
3617,Lissa,Pumfrett
3618,Demetrius,Dunbavin
3619,Morgen,Lilywhite
3620,Rickard,Blakes
3621,Emily,Barras
3622,Tonye,Ambrogio
3623,Duke,Felce
3624,Robers,Gentner
3625,Kellyann,Yorkston
3626,Olly,Mougenel
3627,Merrill,Mckie
3628,Kass,Castellan
3629,Isidora,Englefield
3630,Marlon,Reside
3631,Oswald,Lyndon
3632,Alan,Hallewell
3633,Arty,Indruch
3634,Sharl,Shambrooke
3635,Antonius,Heape
3636,Rad,Bench
3637,Agace,O'Shields
3638,Mela,Burgill
3639,Justis,Gilham
3640,Valery,Delia
3641,Kylie,Cordell
3642,Emmett,Stogill
3643,Julianne,Neagle
3644,Cobbie,Wolfinger
3645,Blondy,Fearnall
3646,Bowie,Endersby
3647,Stanwood,Heimann
3648,Andrey,Cochran
3649,Darcy,Dowbakin
3650,Erina,Stockau
3651,Haroun,Dowber
3652,Michelle,Glasson
3653,Ruthie,Kinvig
3654,Letizia,Mckern
3655,Fons,Ghiotto
3656,Sal,Inglesent
3657,Sela,Pavese
3658,Bryanty,Brosnan
3659,Aldrich,Whitehall
3660,Alison,Tett
3661,Gabi,Ivins
3662,Noe,Fortnam
3663,Ronny,Vasilchenko
3664,Blair,Woollhead
3665,Kirby,Minter
3666,Henrieta,Chatto
3667,Roxie,Glasby
3668,Martin,Olyfant
3669,Eba,Gary
3670,Marcela,Riding
3671,Hewet,Derwin
3672,Demetria,O' Sullivan
3673,Selby,Tills
3674,Steffen,Marcombe
3675,Aguste,Tann
3676,Thedrick,Chastagnier
3677,D'Arcy,Bover
3678,Emelen,Romera
3679,Care,Oattes
3680,Chadd,Klampt
3681,Pren,Varcoe
3682,Abraham,Rockell
3683,Laurette,Hembling
3684,Karlis,Bottle
3685,Wilhelm,Jouanet
3686,Peterus,Bartolomeazzi
3687,Bari,Streatfield
3688,Abeu,Knightsbridge
3689,Teriann,Matyashev
3690,Uriel,Eidelman
3691,Toddie,Rubanenko
3692,Kalie,Leadbeatter
3693,Drake,Northcote
3694,Engracia,Andriolli
3695,Cristina,Finlan
3696,Rodge,Garlick
3697,Markos,Walter
3698,Ofilia,Keizman
3699,Chev,Spillane
3700,Beauregard,Cornehl
3701,Barclay,Morter
3702,Clary,Hertwell
3703,Alex,Peascod
3704,Jessy,Dollman
3705,Sibyl,Gilardi
3706,Haywood,Teager
3707,Doretta,Henner
3708,Niall,Graine
3709,Karel,Toulamain
3710,Iosep,Idle
3711,Duky,Shailer
3712,Christie,Blincoe
3713,Rik,Waren
3714,Zelda,Prestage
3715,Dannel,Longmaid
3716,Ira,Grima
3717,Vivyan,Robuchon
3718,Ivie,Shaudfurth
3719,Gardner,Estick
3720,Darin,Healing
3721,Teena,Priel
3722,Katinka,Tyt
3723,Maxy,Bensen
3724,Donnie,Sandwick
3725,Natasha,Christol
3726,Dana,Oldershaw
3727,Scarlett,Roarty
3728,Hurlee,Hesey
3729,Yehudit,Killingbeck
3730,Whitman,Ponter
3731,Riannon,Baraclough
3732,Shay,Obee
3733,Collete,Causbey
3734,Tallia,Rushford
3735,Starlin,Rackstraw
3736,Sondra,Waberer
3737,Angelica,Neissen
3738,Lowrance,Brach
3739,Virgilio,Duddy
3740,Merwyn,Gossop
3741,Luca,Gokes
3742,Judon,Henze
3743,Ingmar,Kettlesting
3744,Mirilla,Bottinelli
3745,Cordie,Duckering
3746,Dorian,Hamshar
3747,Anet,Satterley
3748,Stanislaus,Sendley
3749,Patrizia,Wyre
3750,Wendel,Dargie
3751,Rodolfo,Garret
3752,Waverley,Deacock
3753,Jeffry,Cockman
3754,Deedee,Wardlow
3755,Langston,Adamski
3756,Annabela,Brackenridge
3757,Harald,Mabson
3758,Amerigo,Heys
3759,Sorcha,Argue
3760,Fayette,Vatini
3761,Miguelita,Smedley
3762,Weylin,Comolli
3763,Raimondo,Mellodey
3764,Courtnay,Duiged
3765,Sarena,Weatherill
3766,Celina,Polley
3767,Cynthia,Fosdike
3768,Debi,Gold
3769,Daloris,Cotesford
3770,Natalie,Norwich
3771,Kerstin,Couper
3772,Keen,Tripony
3773,Ody,Paroni
3774,Rodolfo,Drillot
3775,Derward,Wyllt
3776,Amil,Lidden
3777,Salim,Sarra
3778,Horatius,Branch
3779,Barr,Khosa
3780,Frankie,Boseley
3781,Bayard,Stuckow
3782,Babita,Tabourin
3783,Job,Restall
3784,Evin,De Roeck
3785,Anastasia,Jansson
3786,Leopold,Boichat
3787,Nevil,Penhaligon
3788,Ian,Laverack
3789,Thorin,Eskriet
3790,Melamie,Streat
3791,Kathy,Capstack
3792,Floris,Rizzetti
3793,Ollie,Pinniger
3794,Rancell,Lill
3795,Van,Chesshyre
3796,Vivienne,Blakelock
3797,Brad,Coleyshaw
3798,Adelaida,Pirson
3799,Alli,Ludewig
3800,Grant,Hasney
3801,Elnore,Schwandner
3802,Ford,Feldhorn
3803,Sandor,Swatradge
3804,Marlow,Turbitt
3805,Jarred,Tredger
3806,Brooke,Paolino
3807,Benjamin,Chastand
3808,Coleman,Martynka
3809,Alistair,Scanes
3810,Shari,Wedgwood
3811,Gradeigh,Hamblin
3812,Clementine,Greedier
3813,Dyna,Sange
3814,Aggie,Remmers
3815,Annice,Farady
3816,Randie,Klimashevich
3817,Laird,Grece
3818,Gina,Levens
3819,Abelard,Cardenas
3820,Maje,Vallis
3821,Thoma,Bolesworth
3822,Brendon,Corbally
3823,Matt,Roocroft
3824,Kris,Whaley
3825,Elsworth,Bendtsen
3826,Honor,Huntall
3827,Paulina,Tear
3828,Kirsten,Spelman
3829,Allan,Semmens
3830,Yankee,Northing
3831,Noby,Vacher
3832,Bevon,Detoile
3833,Weylin,Swatradge
3834,Germaine,Kitchenside
3835,Berti,Nayer
3836,Adaline,Durtnell
3837,Gilbertine,Olivetti
3838,Oralia,Chaikovski
3839,Ester,Mcterrelly
3840,Lee,Bernocchi
3841,Clarke,Cradoc
3842,Dun,Kurth
3843,Drusy,Benny
3844,Maxie,Thairs
3845,Rachelle,Loutheane
3846,Lurline,Stirtle
3847,Joela,Galea
3848,Marna,Matskevich
3849,Reynard,Seville
3850,Ara,Loggie
3851,Annecorinne,Kertess
3852,Marsha,Lippett
3853,Anabella,Wilcox
3854,Gaelan,Cords
3855,Brewer,Calderbank
3856,Harrison,Filby
3857,Ketti,Murrigans
3858,Eberhard,Cattemull
3859,Tuesday,Tasseler
3860,Brodie,Chipperfield
3861,Cobby,Wixey
3862,Hill,Tiplady
3863,Briggs,Logsdail
3864,Adela,Paley
3865,Meyer,Dobbison
3866,Sherlocke,Baselio
3867,Nettle,Heffer
3868,Amalea,Ughi
3869,Sterling,Byer
3870,Julia,Taile
3871,Eden,Chattock
3872,Rois,Covey
3873,Avictor,Moorey
3874,Seamus,Huxster
3875,Regina,Calver
3876,Lonnard,O'Neill
3877,Ardis,Staniland
3878,Bill,Pendlebury
3879,Allyce,Attwill
3880,Belle,Catherall
3881,Layne,Mcaline
3882,Ulrikaumeko,Bowsher
3883,Lory,Bruckman
3884,Rufe,Devon
3885,Abbott,Dodgshon
3886,Antonie,Coram
3887,Cinnamon,Gilkison
3888,Dewitt,Milborn
3889,Mureil,Woodstock
3890,Claude,Duran
3891,Dunstan,Halfhide
3892,Nadya,Pineaux
3893,Nani,Measom
3894,Ches,Wahlberg
3895,Zacherie,Beswell
3896,Karla,Windridge
3897,Lannie,Minister
3898,Mame,Theurer
3899,Andree,Romeo
3900,Roch,De Courcy
3901,Maggie,Dolden
3902,Ennis,Breinl
3903,Gage,Feveryear
3904,Virginia,Burdge
3905,Melodee,Crippen
3906,Raven,Derx
3907,Joseito,Duiged
3908,Merline,Rickell
3909,Vina,Flott
3910,Hastie,Hantusch
3911,Ines,Plaschke
3912,Burnaby,Mackay
3913,Cecilla,Vasilov
3914,Linc,Ridgway
3915,Monica,Mingardi
3916,Darcy,Handrahan
3917,Clarette,Pexton
3918,Towny,Povall
3919,Beauregard,Hould
3920,Tonnie,Brigshaw
3921,Elwin,Collumbine
3922,Adelbert,Terney
3923,Joletta,Kalinowsky
3924,Lock,Ellerker
3925,Freddie,Samber
3926,Arlette,Pickles
3927,Simonette,Mawson
3928,Micheal,Di Matteo
3929,Madeleine,Brunicke
3930,Alexis,Shee
3931,Ahmad,Shreeves
3932,Ashby,Capener
3933,Rachele,Bracknell
3934,Portia,Farfalameev
3935,Grant,Kilban
3936,Allyn,Spatoni
3937,Sinclair,Bonder
3938,Harmonia,Winspare
3939,Milly,Ison
3940,Gayle,Gealle
3941,Evvy,Allcock
3942,Con,Haxley
3943,Bryanty,Greenacre
3944,Vivianne,Shills
3945,Martelle,Veneur
3946,Renado,Bulfoot
3947,Tad,Mcilhagga
3948,Stillmann,Castano
3949,Hilary,Willmore
3950,Efrem,Whipple
3951,Sydel,Fenne
3952,Fonz,Aveline
3953,Gus,Trenouth
3954,Hugibert,Mclardie
3955,Michel,Lebarree
3956,Cooper,Ingraham
3957,Bird,Le Count
3958,Orly,Lorens
3959,Hannah,Messum
3960,Gavin,Lambregts
3961,Letta,Halston
3962,Alex,Sale
3963,Rivalee,Eagleton
3964,Neda,Marmyon
3965,Kermy,Caves
3966,Fredia,Barnish
3967,Cacilie,Sennett
3968,Edithe,Dimitrov
3969,Aubert,Cicerone
3970,Clem,Woodyeare
3971,Erastus,Mcelrath
3972,Edgar,Annesley
3973,Haslett,Steet
3974,Brandais,Ondra
3975,Kirbee,Clementet
3976,Marcellina,Ping
3977,Violet,Luscombe
3978,Jourdain,Mclarens
3979,Salvador,Elman
3980,Phillis,Wabey
3981,Maurice,Yakhin
3982,Thomasina,Prandoni
3983,Wesley,Tolerton
3984,Brittaney,Roughey
3985,Moise,Zealey
3986,Saree,Daens
3987,Roberta,Faulo
3988,Mona,Willimott
3989,Alvie,Bleackly
3990,Drud,Tellenbrok
3991,Deck,Itzchaki
3992,Charlie,Danelut
3993,Benton,Fellows
3994,Wilt,Penritt
3995,Stevie,Houliston
3996,Fairlie,Cogzell
3997,Beckie,Aveling
3998,Axe,Mckall
3999,Marcela,Pass
4000,Cornie,Lomath
4001,Sauncho,Aveson
4002,Shamus,Mccomish
4003,Andy,Lown
4004,Arny,Coorington
4005,Devondra,Blabey
4006,Irita,Lyptrit
4007,Jae,Rennolds
4008,Marion,Consadine
4009,Leonore,Pettiford
4010,Willie,Vlasyev
4011,Edvard,Northen
4012,Erl,Hammor
4013,Silvie,Guillou
4014,Oralla,Peasgood
4015,Ly,Ferro
4016,Lindsey,Gerwood
4017,Gianna,Clevely
4018,Celine,Doree
4019,Karlene,Hughill
4020,Sayre,Webberley
4021,Phyllys,Baelde
4022,Samuele,Whear
4023,Teador,Tinton
4024,Jakob,Connell
4025,Darcey,Mordin
4026,Pamelina,Itzkovsky
4027,Marinna,Krojn
4028,Laurel,Gillogley
4029,Milt,Ivachyov
4030,Quinta,Cowdray
4031,Cecile,Lates
4032,Itch,Izod
4033,Seumas,Lemonby
4034,Gale,Quartley
4035,Charlean,Devons
4036,Dorrie,Srutton
4037,Benny,Tichelaar
4038,Avrit,Gawith
4039,Berti,Dennehy
4040,Rockey,Robarts
4041,Doralin,Purkess
4042,Eloisa,Ewert
4043,Mireille,Risom
4044,Ellery,Nanelli
4045,Sharl,Daggett
4046,Aleda,Verdy
4047,Nikolos,Yashin
4048,Shela,Mccall
4049,Sonnie,Malenfant
4050,Mahmud,Molineux
4051,Dylan,Llewellen
4052,Yvor,Phalip
4053,Berry,Freed
4054,Keane,Gorrissen
4055,Marielle,Knivett
4056,Emmanuel,Deniske
4057,Kerr,Coucha
4058,Dulci,Mcgrayle
4059,See,Uden
4060,Vicki,Quarterman
4061,Shandee,Blaschke
4062,Paul,Chislett
4063,Florri,Loughton
4064,Hildy,Landre
4065,Berny,Botler
4066,Merell,Tremmil
4067,Ileana,Chewter
4068,Ilario,Yeates
4069,Winnie,Lewerenz
4070,Garwood,Strowan
4071,Herb,Mcilmorie
4072,Walden,Gidden
4073,Ingunna,Adin
4074,Fayre,Held
4075,Frazier,Bayston
4076,Jacynth,Lascell
4077,Hewett,Lamputt
4078,Rodger,Bendelow
4079,Archer,Hobben
4080,Stephani,Prettyman
4081,Pepi,Bome
4082,Loella,Lonnon
4083,Darrin,Stoffel
4084,Mitchel,Bates
4085,Jud,Kubyszek
4086,Miles,Water
4087,Fanni,Polhill
4088,Genvieve,Arnke
4089,Alicia,Hruska
4090,Mella,Aubin
4091,George,Huckstepp
4092,Oralle,Brunone
4093,Joelie,Elfitt
4094,Claudio,O'Heneghan
4095,Omar,Rodrigo
4096,Cal,Loache
4097,Dalila,Fairburn
4098,Nealy,Macgillespie
4099,Tully,Mcdoual
4100,Debby,Hadigate
4101,Salaidh,Loveday
4102,Molli,Brayfield
4103,Wiley,Renzo
4104,Janaya,Mawford
4105,Lazarus,Hooke
4106,Sidney,Le Batteur
4107,Maryellen,Vasovic
4108,Winona,Rubinowitz
4109,Marlow,Giocannoni
4110,Dur,Plom
4111,Gisela,Aisbett
4112,Appolonia,Jovis
4113,Marion,Scartifield
4114,Mordecai,Battyll
4115,Grayce,Cinnamond
4116,Diandra,Dyhouse
4117,Cornall,Offer
4118,Dominique,Narbett
4119,Gusti,Horrod
4120,Milt,Flowers
4121,Brnaby,Bownes
4122,Willi,Tagg
4123,Ogdon,Norcutt
4124,Berky,Bailey
4125,Genny,Zanioletti
4126,Harriett,Saffin
4127,Pooh,Christy
4128,Tris,Landrean
4129,Derk,Andress
4130,Engelbert,Vahl
4131,Prentiss,Godman
4132,Angel,Hulson
4133,Mike,Milliere
4134,Gayleen,Petru
4135,Jozef,Burr
4136,Allina,Grelka
4137,Carr,Kensall
4138,Nil,Macpaike
4139,Gifford,Buffey
4140,Jessie,Petriello
4141,George,O'Duane
4142,Mendie,Mcbean
4143,Roze,Yepiskopov
4144,Boote,Moan
4145,Tito,Greiswood
4146,Reg,Vandenhoff
4147,Ravid,Leyninye
4148,Ninetta,Joyce
4149,Rozalin,Summerscales
4150,Mead,Stolting
4151,Donall,Skitch
4152,Chickie,Kezar
4153,Cornall,Wastall
4154,Carlin,Stellino
4155,Sherline,Cudihy
4156,Burnard,Fielden
4157,Valle,Humby
4158,Jillie,Howles
4159,Chucho,Galfour
4160,Orland,Glaisner
4161,Luz,Gasparro
4162,Anallise,Scathard
4163,Melesa,Mault
4164,Trudie,Kiellor
4165,Nancie,Sazio
4166,Welby,Wishkar
4167,Carce,Capel
4168,Camilla,Franceschelli
4169,Oralia,Barrat
4170,Benson,Labuschagne
4171,Sybille,Lavarack
4172,Angelita,Bellie
4173,Katuscha,Ransfield
4174,Betteanne,Gold
4175,Norene,Fierro
4176,Mylo,Sudell
4177,Shannon,Hartman
4178,Blakeley,Strood
4179,Rafi,Downse
4180,Demetrius,Tunstall
4181,Melinde,Darton
4182,Dulcea,Perl
4183,Milton,Conaghan
4184,Chere,Siddens
4185,Putnem,Hessing
4186,Timmi,Haveline
4187,Garald,Banasevich
4188,Anselma,Pavelin
4189,Querida,Antonacci
4190,Leda,Aharoni
4191,Norri,Temby
4192,Margery,Winspur
4193,Rosemonde,Toffoloni
4194,Bord,Ollin
4195,Dodie,Lassells
4196,Nil,Stewart
4197,Corie,Snodin
4198,Arron,Cuerdall
4199,Dannie,Wagner
4200,Josh,Youens
4201,Amity,Pancast
4202,Aldo,Bradnum
4203,Bronson,Dykas
4204,Pietrek,Bennett
4205,Woody,Newling
4206,Xymenes,Pretor
4207,Heinrik,Allwell
4208,Bob,Rogerson
4209,Neall,Mayor
4210,Ilysa,Kiggel
4211,Melisse,Craze
4212,Charley,Rennicks
4213,Willabella,Setterington
4214,Petronille,Dougharty
4215,Urbano,Reinisch
4216,Noami,Edworthye
4217,Cynthia,Jenny
4218,Ivett,Prop
4219,Lamond,Levensky
4220,Estevan,Bartalini
4221,Redford,Bubbings
4222,Brandais,Reiner
4223,Correy,Clemont
4224,Starr,Curcher
4225,Rosaline,Goldsmith
4226,Chancey,Climer
4227,Gena,Humbles
4228,Rebekah,Brimm
4229,Madeleine,Younglove
4230,Leonerd,Scamel
4231,Maurita,Sergison
4232,Balduin,Culleton
4233,Hedy,Cullinane
4234,Oliy,Ellar
4235,Carena,Nizet
4236,Charleen,Androlli
4237,Elfrieda,Bilham
4238,Anna,Bownes
4239,Rose,Roarty
4240,Theo,Ottee
4241,Britt,Summergill
4242,Nial,Oret
4243,Jody,Paule
4244,Wilfred,Laughren
4245,Pegeen,O'Lochan
4246,Kingsley,Hardaker
4247,Elias,Jentzsch
4248,Renault,Rockell
4249,Lorine,Bignall
4250,Christian,Bingley
4251,Dominique,Izhakov
4252,Donielle,Godball
4253,Ad,Do
4254,Beret,Devonside
4255,Denyse,Weth
4256,Selia,Annell
4257,Elsbeth,Hardcastle
4258,Sharity,Hawkswell
4259,Deirdre,Van Den Velde
4260,Bevon,Mustill
4261,Ruthe,Adolthine
4262,Vaughn,Wallington
4263,Parnell,Weddup
4264,Rubia,Espy
4265,Johannah,Holwell
4266,Meridel,Dearell
4267,Kathryne,Athridge
4268,Noelyn,Sinkin
4269,Mozelle,Grinnov
4270,Christyna,Arkill
4271,Kain,Lowne
4272,Mitchel,Blackesland
4273,Albie,Lyon
4274,Farand,Rotlauf
4275,Bo,Fargie
4276,Eloise,Volke
4277,Arch,Cookley
4278,Martica,Cawse
4279,Darelle,Michal
4280,Nancie,Mehaffey
4281,Donnamarie,Schofield
4282,Erda,Liddel
4283,Berky,Lemar
4284,Alister,Bru
4285,Sigismund,Izkovici
4286,Star,Jurges
4287,Pauly,Gillbee
4288,Christine,Scalera
4289,Stan,Forkan
4290,Kellia,Dawtrey
4291,Kata,Jedrasik
4292,Brinn,Trewhela
4293,Rodrigo,Endrighi
4294,Tansy,Dukelow
4295,Doro,Bower
4296,Sean,Ovise
4297,Anselma,Pawlett
4298,Kerrie,Rosi
4299,Dorothy,Hailwood
4300,Jodie,Kaygill
4301,Geneva,Winscomb
4302,Jim,Dwerryhouse
4303,Tonnie,Knapton
4304,Tim,Hush
4305,Ayn,Novichenko
4306,Delinda,Conybear
4307,Norby,Burle
4308,Robinet,Renwick
4309,Perry,Richemond
4310,Carlyn,Reisin
4311,Horatius,Starking
4312,Leoline,Vigietti
4313,Candis,Gamet
4314,Rudolf,Maple
4315,Alwin,Bullman
4316,Shae,Ainslie
4317,Ciel,Poizer
4318,Nancee,Reymers
4319,Reagen,Pudge
4320,Matteo,Yeowell
4321,Saundra,Fuzzens
4322,Denise,Oppy
4323,Florance,Durram
4324,Maye,Targetter
4325,Randal,Tilliard
4326,Didi,Stronough
4327,Gilbert,Gulc
4328,Tarrah,Bunny
4329,Bondon,Josselson
4330,Denny,Begg
4331,Stacey,Poe
4332,Clim,Lovie
4333,Wolf,Radolf
4334,Ferrel,Lissandrini
4335,Nevil,Vidyapin
4336,Blake,Nunson
4337,Paula,Danielsen
4338,Brose,Menghi
4339,Ross,Beevors
4340,Junia,Collins
4341,Jule,Corke
4342,Gareth,De Micoli
4343,Pierrette,Minillo
4344,Matteo,Cornewell
4345,Sid,Libbie
4346,Linda,Luto
4347,Rhody,Cushion
4348,Chester,Hanselmann
4349,Courtney,Wenman
4350,Vaclav,Ortler
4351,Mariquilla,Cowope
4352,Kandace,Obee
4353,Joey,Macgeffen
4354,Cora,Klausewitz
4355,Gris,Brame
4356,Franz,Thickin
4357,Stillmann,Castano
